section_id,document,line,title,anchor,families,mapping_method,qualification
SMART_AO_CAHIER_DIRECTEUR_METIER_MASTER_v3.1:L1,docs/Actifs/01_Cahiers_des_charges/SMART_AO_CAHIER_DIRECTEUR_METIER_MASTER_v3.1.md,1,SMART AO — Master métier v3.1,,F45,MANUAL_SCOPE_DISPOSITION,SCOPE_OR_GOVERNANCE_NOT_ATOMIC_REQUIREMENT_PROOF
SMART_AO_CAHIER_DIRECTEUR_METIER_MASTER_v3.1:L7,docs/Actifs/01_Cahiers_des_charges/SMART_AO_CAHIER_DIRECTEUR_METIER_MASTER_v3.1.md,7,CONSOLIDATION V3.1 — lecture intégrale et arbitrages de compatibilité,,F08,TITLE_THEME,THEMATIC_INDEX_NOT_ATOMIC_REQUIREMENT_PROOF
M31-01,docs/Actifs/01_Cahiers_des_charges/SMART_AO_CAHIER_DIRECTEUR_METIER_MASTER_v3.1.md,26,M31-01 — Problème initial et dossier fil rouge,,F28|F45,MANUAL_SCOPE_DISPOSITION,SCOPE_OR_GOVERNANCE_NOT_ATOMIC_REQUIREMENT_PROOF
M31-02,docs/Actifs/01_Cahiers_des_charges/SMART_AO_CAHIER_DIRECTEUR_METIER_MASTER_v3.1.md,32,M31-02 — Objets et relations métier,,F38|F45,TITLE_THEME,THEMATIC_INDEX_NOT_ATOMIC_REQUIREMENT_PROOF
M31-03,docs/Actifs/01_Cahiers_des_charges/SMART_AO_CAHIER_DIRECTEUR_METIER_MASTER_v3.1.md,48,M31-03 — Parcours A : avant l'engagement,,F39,TITLE_THEME,THEMATIC_INDEX_NOT_ATOMIC_REQUIREMENT_PROOF
M31-04,docs/Actifs/01_Cahiers_des_charges/SMART_AO_CAHIER_DIRECTEUR_METIER_MASTER_v3.1.md,59,M31-04 — Parcours B : offre gagnée et passation,,F27|F31|F39,TITLE_THEME,THEMATIC_INDEX_NOT_ATOMIC_REQUIREMENT_PROOF
M31-05,docs/Actifs/01_Cahiers_des_charges/SMART_AO_CAHIER_DIRECTEUR_METIER_MASTER_v3.1.md,67,M31-05 — Parcours C : événement et changement,,F17|F39,TITLE_THEME,THEMATIC_INDEX_NOT_ATOMIC_REQUIREMENT_PROOF
M31-06,docs/Actifs/01_Cahiers_des_charges/SMART_AO_CAHIER_DIRECTEUR_METIER_MASTER_v3.1.md,78,M31-06 — Personnalisation concrète,,F37,TITLE_THEME,THEMATIC_INDEX_NOT_ATOMIC_REQUIREMENT_PROOF
M31-07,docs/Actifs/01_Cahiers_des_charges/SMART_AO_CAHIER_DIRECTEUR_METIER_MASTER_v3.1.md,94,M31-07 — Recettes adversariales de la nouvelle orientation,,F40,TITLE_THEME,THEMATIC_INDEX_NOT_ATOMIC_REQUIREMENT_PROOF
M31-08,docs/Actifs/01_Cahiers_des_charges/SMART_AO_CAHIER_DIRECTEUR_METIER_MASTER_v3.1.md,117,M31-08 — Mesure et validation marché,,F40,MANUAL_SCOPE_DISPOSITION,SCOPE_OR_GOVERNANCE_NOT_ATOMIC_REQUIREMENT_PROOF
M31-09,docs/Actifs/01_Cahiers_des_charges/SMART_AO_CAHIER_DIRECTEUR_METIER_MASTER_v3.1.md,129,M31-09 — Preuve et héritage,,F45,MANUAL_SCOPE_DISPOSITION,SCOPE_OR_GOVERNANCE_NOT_ATOMIC_REQUIREMENT_PROOF
SMART_AO_CAHIER_DIRECTEUR_METIER_MASTER_v3.1:L136,docs/Actifs/01_Cahiers_des_charges/SMART_AO_CAHIER_DIRECTEUR_METIER_MASTER_v3.1.md,136,Profondeur métier et univers documentaire complets — M2,,F45,MANUAL_SCOPE_DISPOSITION,SCOPE_OR_GOVERNANCE_NOT_ATOMIC_REQUIREMENT_PROOF
SMART_AO_CAHIER_DIRECTEUR_METIER_MASTER_v3.1:L140,docs/Actifs/01_Cahiers_des_charges/SMART_AO_CAHIER_DIRECTEUR_METIER_MASTER_v3.1.md,140,Accès aux chapitres intégrés,,F39|F44,TITLE_THEME,THEMATIC_INDEX_NOT_ATOMIC_REQUIREMENT_PROOF
M2-001,docs/Actifs/01_Cahiers_des_charges/SMART_AO_CAHIER_DIRECTEUR_METIER_MASTER_v3.1.md,268,M2-001 — SMART AO — CAHIER DIRECTEUR MÉTIER INTÉGRAL,m2-001,F45,MANUAL_SCOPE_DISPOSITION,SCOPE_OR_GOVERNANCE_NOT_ATOMIC_REQUIREMENT_PROOF
M2-002,docs/Actifs/01_Cahiers_des_charges/SMART_AO_CAHIER_DIRECTEUR_METIER_MASTER_v3.1.md,270,M2-002 — MASTER v2.0 — Source métier de profondeur du Product Freeze v2.0,m2-002,F45,MANUAL_SCOPE_DISPOSITION,SCOPE_OR_GOVERNANCE_NOT_ATOMIC_REQUIREMENT_PROOF
M2-003,docs/Actifs/01_Cahiers_des_charges/SMART_AO_CAHIER_DIRECTEUR_METIER_MASTER_v3.1.md,283,M2-003 — PARTIE I — RÉFÉRENCE MÉTIER ACTIVE,m2-003,F45,TITLE_THEME,THEMATIC_INDEX_NOT_ATOMIC_REQUIREMENT_PROOF
M2-004,docs/Actifs/01_Cahiers_des_charges/SMART_AO_CAHIER_DIRECTEUR_METIER_MASTER_v3.1.md,286,M2-004 — 0. Pourquoi ce MASTER existe,m2-004,F45,PARENT_THEME,THEMATIC_INDEX_NOT_ATOMIC_REQUIREMENT_PROOF
M2-005,docs/Actifs/01_Cahiers_des_charges/SMART_AO_CAHIER_DIRECTEUR_METIER_MASTER_v3.1.md,303,M2-005 — 0.1 Sources fusionnées,m2-005,F45,TITLE_THEME,THEMATIC_INDEX_NOT_ATOMIC_REQUIREMENT_PROOF
M2-006,docs/Actifs/01_Cahiers_des_charges/SMART_AO_CAHIER_DIRECTEUR_METIER_MASTER_v3.1.md,315,M2-006 — 0.2 Règle de prévalence interne du présent MASTER,m2-006,F45,PARENT_THEME,THEMATIC_INDEX_NOT_ATOMIC_REQUIREMENT_PROOF
M2-007,docs/Actifs/01_Cahiers_des_charges/SMART_AO_CAHIER_DIRECTEUR_METIER_MASTER_v3.1.md,326,M2-007 — 0.3 Convention d’état,m2-007,F45,PARENT_THEME,THEMATIC_INDEX_NOT_ATOMIC_REQUIREMENT_PROOF
M2-008,docs/Actifs/01_Cahiers_des_charges/SMART_AO_CAHIER_DIRECTEUR_METIER_MASTER_v3.1.md,340,M2-008 — 1. Vision métier et promesse propriétaire,m2-008,F45,TITLE_THEME,THEMATIC_INDEX_NOT_ATOMIC_REQUIREMENT_PROOF
M2-009,docs/Actifs/01_Cahiers_des_charges/SMART_AO_CAHIER_DIRECTEUR_METIER_MASTER_v3.1.md,343,M2-009 — 1.1 Question fondamentale,m2-009,F45,PARENT_THEME,THEMATIC_INDEX_NOT_ATOMIC_REQUIREMENT_PROOF
M2-010,docs/Actifs/01_Cahiers_des_charges/SMART_AO_CAHIER_DIRECTEUR_METIER_MASTER_v3.1.md,352,M2-010 — 1.2 Ce que SMART AO doit permettre,m2-010,F45,PARENT_THEME,THEMATIC_INDEX_NOT_ATOMIC_REQUIREMENT_PROOF
M2-011,docs/Actifs/01_Cahiers_des_charges/SMART_AO_CAHIER_DIRECTEUR_METIER_MASTER_v3.1.md,376,M2-011 — 1.3 Positionnement métier,m2-011,F45,TITLE_THEME,THEMATIC_INDEX_NOT_ATOMIC_REQUIREMENT_PROOF
M2-012,docs/Actifs/01_Cahiers_des_charges/SMART_AO_CAHIER_DIRECTEUR_METIER_MASTER_v3.1.md,397,"M2-012 — 2. Client, cadre et frontières",m2-012,F45,MANUAL_SCOPE_DISPOSITION,SCOPE_OR_GOVERNANCE_NOT_ATOMIC_REQUIREMENT_PROOF
M2-013,docs/Actifs/01_Cahiers_des_charges/SMART_AO_CAHIER_DIRECTEUR_METIER_MASTER_v3.1.md,400,M2-013 — 2.1 Client initial — HÉRITÉ OWNER,m2-013,F45,MANUAL_SCOPE_DISPOSITION,SCOPE_OR_GOVERNANCE_NOT_ATOMIC_REQUIREMENT_PROOF
M2-014,docs/Actifs/01_Cahiers_des_charges/SMART_AO_CAHIER_DIRECTEUR_METIER_MASTER_v3.1.md,407,M2-014 — 2.2 Public / privé — HÉRITÉ OWNER,m2-014,F45,MANUAL_SCOPE_DISPOSITION,SCOPE_OR_GOVERNANCE_NOT_ATOMIC_REQUIREMENT_PROOF
M2-015,docs/Actifs/01_Cahiers_des_charges/SMART_AO_CAHIER_DIRECTEUR_METIER_MASTER_v3.1.md,414,M2-015 — 2.3 Frontière avec le chantier,m2-015,F45,MANUAL_SCOPE_DISPOSITION,SCOPE_OR_GOVERNANCE_NOT_ATOMIC_REQUIREMENT_PROOF
M2-016,docs/Actifs/01_Cahiers_des_charges/SMART_AO_CAHIER_DIRECTEUR_METIER_MASTER_v3.1.md,431,M2-016 — 3. Modèle d’autorité et confidentialité,m2-016,F42,TITLE_THEME,THEMATIC_INDEX_NOT_ATOMIC_REQUIREMENT_PROOF
M2-017,docs/Actifs/01_Cahiers_des_charges/SMART_AO_CAHIER_DIRECTEUR_METIER_MASTER_v3.1.md,434,M2-017 — 3.1 Patron,m2-017,F42,PARENT_THEME,THEMATIC_INDEX_NOT_ATOMIC_REQUIREMENT_PROOF
M2-018,docs/Actifs/01_Cahiers_des_charges/SMART_AO_CAHIER_DIRECTEUR_METIER_MASTER_v3.1.md,450,M2-018 — 3.2 Collaborateur / responsable d’offre,m2-018,F27,TITLE_THEME,THEMATIC_INDEX_NOT_ATOMIC_REQUIREMENT_PROOF
M2-019,docs/Actifs/01_Cahiers_des_charges/SMART_AO_CAHIER_DIRECTEUR_METIER_MASTER_v3.1.md,455,M2-019 — 3.3 Experts internes et externes,m2-019,F42,PARENT_THEME,THEMATIC_INDEX_NOT_ATOMIC_REQUIREMENT_PROOF
M2-020,docs/Actifs/01_Cahiers_des_charges/SMART_AO_CAHIER_DIRECTEUR_METIER_MASTER_v3.1.md,460,M2-020 — 3.4 Règle d’autorité,m2-020,F42,PARENT_THEME,THEMATIC_INDEX_NOT_ATOMIC_REQUIREMENT_PROOF
M2-021,docs/Actifs/01_Cahiers_des_charges/SMART_AO_CAHIER_DIRECTEUR_METIER_MASTER_v3.1.md,467,M2-021 — 4. L’Affaire et la Mémoire Entreprise,m2-021,F03,TITLE_THEME,THEMATIC_INDEX_NOT_ATOMIC_REQUIREMENT_PROOF
M2-022,docs/Actifs/01_Cahiers_des_charges/SMART_AO_CAHIER_DIRECTEUR_METIER_MASTER_v3.1.md,470,M2-022 — 4.1 L’Affaire,m2-022,F03,PARENT_THEME,THEMATIC_INDEX_NOT_ATOMIC_REQUIREMENT_PROOF
M2-023,docs/Actifs/01_Cahiers_des_charges/SMART_AO_CAHIER_DIRECTEUR_METIER_MASTER_v3.1.md,497,M2-023 — 4.2 Mémoire Entreprise,m2-023,F03,TITLE_THEME,THEMATIC_INDEX_NOT_ATOMIC_REQUIREMENT_PROOF
M2-024,docs/Actifs/01_Cahiers_des_charges/SMART_AO_CAHIER_DIRECTEUR_METIER_MASTER_v3.1.md,506,M2-024 — 5. Cycle P0–P7 et décisions,m2-024,F31,TITLE_THEME,THEMATIC_INDEX_NOT_ATOMIC_REQUIREMENT_PROOF
M2-025,docs/Actifs/01_Cahiers_des_charges/SMART_AO_CAHIER_DIRECTEUR_METIER_MASTER_v3.1.md,526,M2-025 — 6. La Carte d’Engagement de l’Affaire — sortie patronale centrale,m2-025,F38|F39,MANUAL_SCOPE_DISPOSITION,SCOPE_OR_GOVERNANCE_NOT_ATOMIC_REQUIREMENT_PROOF
M2-026,docs/Actifs/01_Cahiers_des_charges/SMART_AO_CAHIER_DIRECTEUR_METIER_MASTER_v3.1.md,531,M2-026 — 6.1 Douze axes obligatoires,m2-026,F38|F39,MANUAL_SCOPE_DISPOSITION,SCOPE_OR_GOVERNANCE_NOT_ATOMIC_REQUIREMENT_PROOF
M2-027,docs/Actifs/01_Cahiers_des_charges/SMART_AO_CAHIER_DIRECTEUR_METIER_MASTER_v3.1.md,547,M2-027 — 6.2 Anatomie d’un risque,m2-027,F10,TITLE_THEME,THEMATIC_INDEX_NOT_ATOMIC_REQUIREMENT_PROOF
M2-028,docs/Actifs/01_Cahiers_des_charges/SMART_AO_CAHIER_DIRECTEUR_METIER_MASTER_v3.1.md,569,M2-028 — 6.3 GO sous conditions,m2-028,F26,TITLE_THEME,THEMATIC_INDEX_NOT_ATOMIC_REQUIREMENT_PROOF
M2-029,docs/Actifs/01_Cahiers_des_charges/SMART_AO_CAHIER_DIRECTEUR_METIER_MASTER_v3.1.md,580,"M2-029 — 7. Réception du DCE, versions et rectificatifs",m2-029,F32,TITLE_THEME,THEMATIC_INDEX_NOT_ATOMIC_REQUIREMENT_PROOF
M2-030,docs/Actifs/01_Cahiers_des_charges/SMART_AO_CAHIER_DIRECTEUR_METIER_MASTER_v3.1.md,599,M2-030 — 8. Profil réglementaire dynamique de l’affaire — PROPOSITION C1,m2-030,F12,TITLE_THEME,THEMATIC_INDEX_NOT_ATOMIC_REQUIREMENT_PROOF
M2-031,docs/Actifs/01_Cahiers_des_charges/SMART_AO_CAHIER_DIRECTEUR_METIER_MASTER_v3.1.md,602,M2-031 — 8.1 Finalité,m2-031,F12,PARENT_THEME,THEMATIC_INDEX_NOT_ATOMIC_REQUIREMENT_PROOF
M2-032,docs/Actifs/01_Cahiers_des_charges/SMART_AO_CAHIER_DIRECTEUR_METIER_MASTER_v3.1.md,609,M2-032 — 8.2 Faits d’entrée,m2-032,F12,PARENT_THEME,THEMATIC_INDEX_NOT_ATOMIC_REQUIREMENT_PROOF
M2-033,docs/Actifs/01_Cahiers_des_charges/SMART_AO_CAHIER_DIRECTEUR_METIER_MASTER_v3.1.md,628,M2-033 — 8.3 Contrat de règle vivante,m2-033,F12,TITLE_THEME,THEMATIC_INDEX_NOT_ATOMIC_REQUIREMENT_PROOF
M2-034,docs/Actifs/01_Cahiers_des_charges/SMART_AO_CAHIER_DIRECTEUR_METIER_MASTER_v3.1.md,637,M2-034 — 8.4 Exemples vérifiés 2026,m2-034,F12,PARENT_THEME,THEMATIC_INDEX_NOT_ATOMIC_REQUIREMENT_PROOF
M2-035,docs/Actifs/01_Cahiers_des_charges/SMART_AO_CAHIER_DIRECTEUR_METIER_MASTER_v3.1.md,652,"M2-035 — 9. Éligibilité, candidature et portefeuille de preuves",m2-035,F22|F44,TITLE_THEME,THEMATIC_INDEX_NOT_ATOMIC_REQUIREMENT_PROOF
M2-036,docs/Actifs/01_Cahiers_des_charges/SMART_AO_CAHIER_DIRECTEUR_METIER_MASTER_v3.1.md,665,"M2-036 — 10. Analyse technique, constructibilité et réalité chantier",m2-036,F09|F28,TITLE_THEME,THEMATIC_INDEX_NOT_ATOMIC_REQUIREMENT_PROOF
M2-037,docs/Actifs/01_Cahiers_des_charges/SMART_AO_CAHIER_DIRECTEUR_METIER_MASTER_v3.1.md,674,M2-037 — 10.1 Constructibilité,m2-037,F28,TITLE_THEME,THEMATIC_INDEX_NOT_ATOMIC_REQUIREMENT_PROOF
M2-038,docs/Actifs/01_Cahiers_des_charges/SMART_AO_CAHIER_DIRECTEUR_METIER_MASTER_v3.1.md,702,M2-038 — 11. MIRP — minimum d’information requis pour un prix défendable,m2-038,F19|F28,TITLE_THEME,THEMATIC_INDEX_NOT_ATOMIC_REQUIREMENT_PROOF
M2-039,docs/Actifs/01_Cahiers_des_charges/SMART_AO_CAHIER_DIRECTEUR_METIER_MASTER_v3.1.md,724,M2-039 — 12. Interfaces de lots et coûts invisibles,m2-039,F05|F28,TITLE_THEME,THEMATIC_INDEX_NOT_ATOMIC_REQUIREMENT_PROOF
M2-040,docs/Actifs/01_Cahiers_des_charges/SMART_AO_CAHIER_DIRECTEUR_METIER_MASTER_v3.1.md,756,"M2-040 — 13. GO économique, marge et trésorerie",m2-040,F19|F33,TITLE_THEME,THEMATIC_INDEX_NOT_ATOMIC_REQUIREMENT_PROOF
M2-041,docs/Actifs/01_Cahiers_des_charges/SMART_AO_CAHIER_DIRECTEUR_METIER_MASTER_v3.1.md,759,M2-041 — 13.1 Quatre décisions séparées,m2-041,F19|F33,PARENT_THEME,THEMATIC_INDEX_NOT_ATOMIC_REQUIREMENT_PROOF
M2-042,docs/Actifs/01_Cahiers_des_charges/SMART_AO_CAHIER_DIRECTEUR_METIER_MASTER_v3.1.md,767,M2-042 — 13.2 Cash-flow affaire,m2-042,F33,TITLE_THEME,THEMATIC_INDEX_NOT_ATOMIC_REQUIREMENT_PROOF
M2-043,docs/Actifs/01_Cahiers_des_charges/SMART_AO_CAHIER_DIRECTEUR_METIER_MASTER_v3.1.md,776,M2-043 — 13.3 Portefeuille,m2-043,F22|F44,TITLE_THEME,THEMATIC_INDEX_NOT_ATOMIC_REQUIREMENT_PROOF
M2-044,docs/Actifs/01_Cahiers_des_charges/SMART_AO_CAHIER_DIRECTEUR_METIER_MASTER_v3.1.md,783,"M2-044 — 14. Prix, révision et exposition fournisseurs",m2-044,F19|F45,TITLE_THEME,THEMATIC_INDEX_NOT_ATOMIC_REQUIREMENT_PROOF
M2-045,docs/Actifs/01_Cahiers_des_charges/SMART_AO_CAHIER_DIRECTEUR_METIER_MASTER_v3.1.md,786,M2-045 — 14.1 Audit de la clause de prix,m2-045,F19,TITLE_THEME,THEMATIC_INDEX_NOT_ATOMIC_REQUIREMENT_PROOF
M2-046,docs/Actifs/01_Cahiers_des_charges/SMART_AO_CAHIER_DIRECTEUR_METIER_MASTER_v3.1.md,793,M2-046 — 14.2 Mismatch de couverture,m2-046,F19|F45,PARENT_THEME,THEMATIC_INDEX_NOT_ATOMIC_REQUIREMENT_PROOF
M2-047,docs/Actifs/01_Cahiers_des_charges/SMART_AO_CAHIER_DIRECTEUR_METIER_MASTER_v3.1.md,806,M2-047 — 15. Capacité réelle à exécuter,m2-047,F21,TITLE_THEME,THEMATIC_INDEX_NOT_ATOMIC_REQUIREMENT_PROOF
M2-048,docs/Actifs/01_Cahiers_des_charges/SMART_AO_CAHIER_DIRECTEUR_METIER_MASTER_v3.1.md,830,"M2-048 — 16. Fournisseurs, sous-traitants et groupements",m2-048,F23,TITLE_THEME,THEMATIC_INDEX_NOT_ATOMIC_REQUIREMENT_PROOF
M2-049,docs/Actifs/01_Cahiers_des_charges/SMART_AO_CAHIER_DIRECTEUR_METIER_MASTER_v3.1.md,833,M2-049 — 16.1 Comparaison à périmètre constant,m2-049,F24|F45,TITLE_THEME,THEMATIC_INDEX_NOT_ATOMIC_REQUIREMENT_PROOF
M2-050,docs/Actifs/01_Cahiers_des_charges/SMART_AO_CAHIER_DIRECTEUR_METIER_MASTER_v3.1.md,838,M2-050 — 16.2 Sous-traitance,m2-050,F23,TITLE_THEME,THEMATIC_INDEX_NOT_ATOMIC_REQUIREMENT_PROOF
M2-051,docs/Actifs/01_Cahiers_des_charges/SMART_AO_CAHIER_DIRECTEUR_METIER_MASTER_v3.1.md,845,M2-051 — 16.3 Vigilance 2026,m2-051,F23,PARENT_THEME,THEMATIC_INDEX_NOT_ATOMIC_REQUIREMENT_PROOF
M2-052,docs/Actifs/01_Cahiers_des_charges/SMART_AO_CAHIER_DIRECTEUR_METIER_MASTER_v3.1.md,850,M2-052 — 16.4 Groupement,m2-052,F23,TITLE_THEME,THEMATIC_INDEX_NOT_ATOMIC_REQUIREMENT_PROOF
M2-053,docs/Actifs/01_Cahiers_des_charges/SMART_AO_CAHIER_DIRECTEUR_METIER_MASTER_v3.1.md,857,M2-053 — 17. Marchés publics et privés : reconstruire le contrat réellement accepté,m2-053,F13|F12,MANUAL_SCOPE_DISPOSITION,SCOPE_OR_GOVERNANCE_NOT_ATOMIC_REQUIREMENT_PROOF
M2-054,docs/Actifs/01_Cahiers_des_charges/SMART_AO_CAHIER_DIRECTEUR_METIER_MASTER_v3.1.md,862,M2-054 — 17.1 Public,m2-054,F13|F12,MANUAL_SCOPE_DISPOSITION,SCOPE_OR_GOVERNANCE_NOT_ATOMIC_REQUIREMENT_PROOF
M2-055,docs/Actifs/01_Cahiers_des_charges/SMART_AO_CAHIER_DIRECTEUR_METIER_MASTER_v3.1.md,867,M2-055 — 17.2 Privé,m2-055,F13|F12,MANUAL_SCOPE_DISPOSITION,SCOPE_OR_GOVERNANCE_NOT_ATOMIC_REQUIREMENT_PROOF
M2-056,docs/Actifs/01_Cahiers_des_charges/SMART_AO_CAHIER_DIRECTEUR_METIER_MASTER_v3.1.md,876,M2-056 — 18. Moteur « règle de référence → dérogation → impact » — PROPOSITION C1,m2-056,F11|F45,TITLE_THEME,THEMATIC_INDEX_NOT_ATOMIC_REQUIREMENT_PROOF
M2-057,docs/Actifs/01_Cahiers_des_charges/SMART_AO_CAHIER_DIRECTEUR_METIER_MASTER_v3.1.md,907,M2-057 — 19. Registre complet des pénalités et sanctions — PROPOSITION C1,m2-057,F16,TITLE_THEME,THEMATIC_INDEX_NOT_ATOMIC_REQUIREMENT_PROOF
M2-058,docs/Actifs/01_Cahiers_des_charges/SMART_AO_CAHIER_DIRECTEUR_METIER_MASTER_v3.1.md,912,M2-058 — 19.1 Familles,m2-058,F16,PARENT_THEME,THEMATIC_INDEX_NOT_ATOMIC_REQUIREMENT_PROOF
M2-059,docs/Actifs/01_Cahiers_des_charges/SMART_AO_CAHIER_DIRECTEUR_METIER_MASTER_v3.1.md,934,M2-059 — 19.2 Fiche,m2-059,F16,PARENT_THEME,THEMATIC_INDEX_NOT_ATOMIC_REQUIREMENT_PROOF
M2-060,docs/Actifs/01_Cahiers_des_charges/SMART_AO_CAHIER_DIRECTEUR_METIER_MASTER_v3.1.md,956,M2-060 — 19.3 Garde-fou,m2-060,F16,PARENT_THEME,THEMATIC_INDEX_NOT_ATOMIC_REQUIREMENT_PROOF
M2-061,docs/Actifs/01_Cahiers_des_charges/SMART_AO_CAHIER_DIRECTEUR_METIER_MASTER_v3.1.md,963,"M2-061 — 20. Préservation des droits, forclusion et calendrier contractuel — PROPOSITION C1 PRIORITAIRE",m2-061,F14|F34|F45,TITLE_THEME,THEMATIC_INDEX_NOT_ATOMIC_REQUIREMENT_PROOF
M2-062,docs/Actifs/01_Cahiers_des_charges/SMART_AO_CAHIER_DIRECTEUR_METIER_MASTER_v3.1.md,966,M2-062 — 20.1 Pourquoi ce domaine devient central,m2-062,F14|F34|F45,PARENT_THEME,THEMATIC_INDEX_NOT_ATOMIC_REQUIREMENT_PROOF
M2-063,docs/Actifs/01_Cahiers_des_charges/SMART_AO_CAHIER_DIRECTEUR_METIER_MASTER_v3.1.md,975,M2-063 — 20.2 Objet `RIGHT_PRESERVATION_EVENT`,m2-063,F44|F45,TITLE_THEME,THEMATIC_INDEX_NOT_ATOMIC_REQUIREMENT_PROOF
M2-064,docs/Actifs/01_Cahiers_des_charges/SMART_AO_CAHIER_DIRECTEUR_METIER_MASTER_v3.1.md,1003,M2-064 — 20.3 Événements à couvrir,m2-064,F14|F34|F45,PARENT_THEME,THEMATIC_INDEX_NOT_ATOMIC_REQUIREMENT_PROOF
M2-065,docs/Actifs/01_Cahiers_des_charges/SMART_AO_CAHIER_DIRECTEUR_METIER_MASTER_v3.1.md,1026,M2-065 — 20.4 Sortie P7,m2-065,F31,TITLE_THEME,THEMATIC_INDEX_NOT_ATOMIC_REQUIREMENT_PROOF
M2-066,docs/Actifs/01_Cahiers_des_charges/SMART_AO_CAHIER_DIRECTEUR_METIER_MASTER_v3.1.md,1033,"M2-066 — 21. Ordres de service, modifications et travaux supplémentaires — PROPOSITION C1",m2-066,F17|F39,TITLE_THEME,THEMATIC_INDEX_NOT_ATOMIC_REQUIREMENT_PROOF
M2-067,docs/Actifs/01_Cahiers_des_charges/SMART_AO_CAHIER_DIRECTEUR_METIER_MASTER_v3.1.md,1055,"M2-067 — 22. Résiliation, substitution et exécution aux frais et risques — PROPOSITION C1",m2-067,F10|F34|F39,TITLE_THEME,THEMATIC_INDEX_NOT_ATOMIC_REQUIREMENT_PROOF
M2-068,docs/Actifs/01_Cahiers_des_charges/SMART_AO_CAHIER_DIRECTEUR_METIER_MASTER_v3.1.md,1078,"M2-068 — 23. Réception, règlement des comptes, DGD et coût post-réception — PROPOSITION C1",m2-068,F12|F32|F34,TITLE_THEME,THEMATIC_INDEX_NOT_ATOMIC_REQUIREMENT_PROOF
M2-069,docs/Actifs/01_Cahiers_des_charges/SMART_AO_CAHIER_DIRECTEUR_METIER_MASTER_v3.1.md,1081,M2-069 — 23.1 Chaîne,m2-069,F12|F32|F34,PARENT_THEME,THEMATIC_INDEX_NOT_ATOMIC_REQUIREMENT_PROOF
M2-070,docs/Actifs/01_Cahiers_des_charges/SMART_AO_CAHIER_DIRECTEUR_METIER_MASTER_v3.1.md,1088,M2-070 — 23.2 DGD,m2-070,F34,TITLE_THEME,THEMATIC_INDEX_NOT_ATOMIC_REQUIREMENT_PROOF
M2-071,docs/Actifs/01_Cahiers_des_charges/SMART_AO_CAHIER_DIRECTEUR_METIER_MASTER_v3.1.md,1093,M2-071 — 23.3 Coût post-réception,m2-071,F32,TITLE_THEME,THEMATIC_INDEX_NOT_ATOMIC_REQUIREMENT_PROOF
M2-072,docs/Actifs/01_Cahiers_des_charges/SMART_AO_CAHIER_DIRECTEUR_METIER_MASTER_v3.1.md,1117,M2-072 — 24. HSE : obligation → compétence → délai → coût — PROPOSITION C1,m2-072,F29,TITLE_THEME,THEMATIC_INDEX_NOT_ATOMIC_REQUIREMENT_PROOF
M2-073,docs/Actifs/01_Cahiers_des_charges/SMART_AO_CAHIER_DIRECTEUR_METIER_MASTER_v3.1.md,1132,M2-073 — 25. Assurances : attestation ≠ couverture réelle — PROPOSITION C1,m2-073,F29|F40,TITLE_THEME,THEMATIC_INDEX_NOT_ATOMIC_REQUIREMENT_PROOF
M2-074,docs/Actifs/01_Cahiers_des_charges/SMART_AO_CAHIER_DIRECTEUR_METIER_MASTER_v3.1.md,1155,"M2-074 — 26. Environnement, social, déchets et engagements mesurables",m2-074,F29,TITLE_THEME,THEMATIC_INDEX_NOT_ATOMIC_REQUIREMENT_PROOF
M2-075,docs/Actifs/01_Cahiers_des_charges/SMART_AO_CAHIER_DIRECTEUR_METIER_MASTER_v3.1.md,1158,M2-075 — 26.1 Commande publique durable 2026,m2-075,F29,PARENT_THEME,THEMATIC_INDEX_NOT_ATOMIC_REQUIREMENT_PROOF
M2-076,docs/Actifs/01_Cahiers_des_charges/SMART_AO_CAHIER_DIRECTEUR_METIER_MASTER_v3.1.md,1165,M2-076 — 26.2 Objet `MEASURABLE_COMMITMENT`,m2-076,F27|F45,TITLE_THEME,THEMATIC_INDEX_NOT_ATOMIC_REQUIREMENT_PROOF
M2-077,docs/Actifs/01_Cahiers_des_charges/SMART_AO_CAHIER_DIRECTEUR_METIER_MASTER_v3.1.md,1187,M2-077 — 26.3 PEMD / REP / traçabilité,m2-077,F45,TITLE_THEME,THEMATIC_INDEX_NOT_ATOMIC_REQUIREMENT_PROOF
M2-078,docs/Actifs/01_Cahiers_des_charges/SMART_AO_CAHIER_DIRECTEUR_METIER_MASTER_v3.1.md,1198,M2-078 — 27. Circuit réel de paiement et trésorerie,m2-078,F33,TITLE_THEME,THEMATIC_INDEX_NOT_ATOMIC_REQUIREMENT_PROOF
M2-079,docs/Actifs/01_Cahiers_des_charges/SMART_AO_CAHIER_DIRECTEUR_METIER_MASTER_v3.1.md,1213,M2-079 — 28. Production de l’offre et registre des engagements,m2-079,F27,TITLE_THEME,THEMATIC_INDEX_NOT_ATOMIC_REQUIREMENT_PROOF
M2-080,docs/Actifs/01_Cahiers_des_charges/SMART_AO_CAHIER_DIRECTEUR_METIER_MASTER_v3.1.md,1239,"M2-080 — 29. Dépôt, preuve et paquet autorisé",m2-080,F30,TITLE_THEME,THEMATIC_INDEX_NOT_ATOMIC_REQUIREMENT_PROOF
M2-081,docs/Actifs/01_Cahiers_des_charges/SMART_AO_CAHIER_DIRECTEUR_METIER_MASTER_v3.1.md,1257,"M2-081 — 30. Clarification, négociation, BAFO et mise au point",m2-081,F31,MANUAL_SCOPE_DISPOSITION,SCOPE_OR_GOVERNANCE_NOT_ATOMIC_REQUIREMENT_PROOF
M2-082,docs/Actifs/01_Cahiers_des_charges/SMART_AO_CAHIER_DIRECTEUR_METIER_MASTER_v3.1.md,1278,"M2-082 — 31. Attribution, rejet, recours et apprentissage",m2-082,F31,TITLE_THEME,THEMATIC_INDEX_NOT_ATOMIC_REQUIREMENT_PROOF
M2-083,docs/Actifs/01_Cahiers_des_charges/SMART_AO_CAHIER_DIRECTEUR_METIER_MASTER_v3.1.md,1289,M2-083 — 32. Passation offre → exécution renforcée,m2-083,F27|F31,TITLE_THEME,THEMATIC_INDEX_NOT_ATOMIC_REQUIREMENT_PROOF
M2-084,docs/Actifs/01_Cahiers_des_charges/SMART_AO_CAHIER_DIRECTEUR_METIER_MASTER_v3.1.md,1318,M2-084 — 33. Retour d’expérience et capital métier,m2-084,F36|F44,TITLE_THEME,THEMATIC_INDEX_NOT_ATOMIC_REQUIREMENT_PROOF
M2-085,docs/Actifs/01_Cahiers_des_charges/SMART_AO_CAHIER_DIRECTEUR_METIER_MASTER_v3.1.md,1338,M2-085 — 34. Univers documentaire — doctrine intégrée,m2-085,F45,TITLE_THEME,THEMATIC_INDEX_NOT_ATOMIC_REQUIREMENT_PROOF
M2-086,docs/Actifs/01_Cahiers_des_charges/SMART_AO_CAHIER_DIRECTEUR_METIER_MASTER_v3.1.md,1351,"M2-086 — 35. IA, provenance et abstention",m2-086,F06,TITLE_THEME,THEMATIC_INDEX_NOT_ATOMIC_REQUIREMENT_PROOF
M2-087,docs/Actifs/01_Cahiers_des_charges/SMART_AO_CAHIER_DIRECTEUR_METIER_MASTER_v3.1.md,1374,M2-087 — 36. Éthique commerciale et concurrence — PROPOSITION C2,m2-087,F42,TITLE_THEME,THEMATIC_INDEX_NOT_ATOMIC_REQUIREMENT_PROOF
M2-088,docs/Actifs/01_Cahiers_des_charges/SMART_AO_CAHIER_DIRECTEUR_METIER_MASTER_v3.1.md,1391,M2-088 — 37. Packs sectoriels d’applicabilité — PROPOSITION C2,m2-088,F12,TITLE_THEME,THEMATIC_INDEX_NOT_ATOMIC_REQUIREMENT_PROOF
M2-089,docs/Actifs/01_Cahiers_des_charges/SMART_AO_CAHIER_DIRECTEUR_METIER_MASTER_v3.1.md,1412,M2-089 — 38. Autorisations et dépendances tierces — PROPOSITION C2,m2-089,F44,TITLE_THEME,THEMATIC_INDEX_NOT_ATOMIC_REQUIREMENT_PROOF
M2-090,docs/Actifs/01_Cahiers_des_charges/SMART_AO_CAHIER_DIRECTEUR_METIER_MASTER_v3.1.md,1421,"M2-090 — 39. Normes, DTU, CCTG et licences documentaires",m2-090,F40,MANUAL_SCOPE_DISPOSITION,SCOPE_OR_GOVERNANCE_NOT_ATOMIC_REQUIREMENT_PROOF
M2-091,docs/Actifs/01_Cahiers_des_charges/SMART_AO_CAHIER_DIRECTEUR_METIER_MASTER_v3.1.md,1430,M2-091 — 40. Recettes de non-régression ajoutées,m2-091,F40,TITLE_THEME,THEMATIC_INDEX_NOT_ATOMIC_REQUIREMENT_PROOF
M2-092,docs/Actifs/01_Cahiers_des_charges/SMART_AO_CAHIER_DIRECTEUR_METIER_MASTER_v3.1.md,1453,M2-092 — 41. Validation externe renforcée,m2-092,F40,MANUAL_SCOPE_DISPOSITION,SCOPE_OR_GOVERNANCE_NOT_ATOMIC_REQUIREMENT_PROOF
M2-093,docs/Actifs/01_Cahiers_des_charges/SMART_AO_CAHIER_DIRECTEUR_METIER_MASTER_v3.1.md,1474,M2-093 — 42. Priorisation recommandée,m2-093,F45,MANUAL_SCOPE_DISPOSITION,SCOPE_OR_GOVERNANCE_NOT_ATOMIC_REQUIREMENT_PROOF
M2-094,docs/Actifs/01_Cahiers_des_charges/SMART_AO_CAHIER_DIRECTEUR_METIER_MASTER_v3.1.md,1477,M2-094 — P0 — protéger la première offre et la première passation,m2-094,F04|F27|F31,TITLE_THEME,THEMATIC_INDEX_NOT_ATOMIC_REQUIREMENT_PROOF
M2-095,docs/Actifs/01_Cahiers_des_charges/SMART_AO_CAHIER_DIRECTEUR_METIER_MASTER_v3.1.md,1494,M2-095 — P1 — profondeur différenciante,m2-095,F04,TITLE_THEME,THEMATIC_INDEX_NOT_ATOMIC_REQUIREMENT_PROOF
M2-096,docs/Actifs/01_Cahiers_des_charges/SMART_AO_CAHIER_DIRECTEUR_METIER_MASTER_v3.1.md,1508,M2-096 — P2 — extension,m2-096,F26,TITLE_THEME,THEMATIC_INDEX_NOT_ATOMIC_REQUIREMENT_PROOF
M2-097,docs/Actifs/01_Cahiers_des_charges/SMART_AO_CAHIER_DIRECTEUR_METIER_MASTER_v3.1.md,1519,M2-097 — 43. Critères de succès métier,m2-097,F40,MANUAL_SCOPE_DISPOSITION,SCOPE_OR_GOVERNANCE_NOT_ATOMIC_REQUIREMENT_PROOF
M2-098,docs/Actifs/01_Cahiers_des_charges/SMART_AO_CAHIER_DIRECTEUR_METIER_MASTER_v3.1.md,1547,M2-098 — 44. Veille réglementaire 2026 — registre minimum,m2-098,F04|F12,TITLE_THEME,THEMATIC_INDEX_NOT_ATOMIC_REQUIREMENT_PROOF
M2-099,docs/Actifs/01_Cahiers_des_charges/SMART_AO_CAHIER_DIRECTEUR_METIER_MASTER_v3.1.md,1564,M2-099 — 45. Sources officielles vérifiées pour le delta 2026,m2-099,F40,MANUAL_SCOPE_DISPOSITION,SCOPE_OR_GOVERNANCE_NOT_ATOMIC_REQUIREMENT_PROOF
M2-100,docs/Actifs/01_Cahiers_des_charges/SMART_AO_CAHIER_DIRECTEUR_METIER_MASTER_v3.1.md,1584,M2-100 — PARTIE II — CAHIER DES CHARGES MÉTIER v1.0 INTÉGRÉ EN TOTALITÉ,m2-100,F21,TITLE_THEME,THEMATIC_INDEX_NOT_ATOMIC_REQUIREMENT_PROOF
M2-101,docs/Actifs/01_Cahiers_des_charges/SMART_AO_CAHIER_DIRECTEUR_METIER_MASTER_v3.1.md,1589,M2-101 — SMART AO — Cahier des charges métier,m2-101,F21,TITLE_THEME,THEMATIC_INDEX_NOT_ATOMIC_REQUIREMENT_PROOF
M2-102,docs/Actifs/01_Cahiers_des_charges/SMART_AO_CAHIER_DIRECTEUR_METIER_MASTER_v3.1.md,1597,M2-102 — 1. Synthèse exécutive,m2-102,F21,PARENT_THEME,THEMATIC_INDEX_NOT_ATOMIC_REQUIREMENT_PROOF
M2-103,docs/Actifs/01_Cahiers_des_charges/SMART_AO_CAHIER_DIRECTEUR_METIER_MASTER_v3.1.md,1631,"M2-103 — 2. Méthode, périmètre et force des preuves",m2-103,F45,TITLE_THEME,THEMATIC_INDEX_NOT_ATOMIC_REQUIREMENT_PROOF
M2-104,docs/Actifs/01_Cahiers_des_charges/SMART_AO_CAHIER_DIRECTEUR_METIER_MASTER_v3.1.md,1647,M2-104 — 2.1 Échelle utilisée pour les concurrents,m2-104,F40|F42,TITLE_THEME,THEMATIC_INDEX_NOT_ATOMIC_REQUIREMENT_PROOF
M2-105,docs/Actifs/01_Cahiers_des_charges/SMART_AO_CAHIER_DIRECTEUR_METIER_MASTER_v3.1.md,1659,M2-105 — 3. Angles morts du document initial,m2-105,F21,PARENT_THEME,THEMATIC_INDEX_NOT_ATOMIC_REQUIREMENT_PROOF
M2-106,docs/Actifs/01_Cahiers_des_charges/SMART_AO_CAHIER_DIRECTEUR_METIER_MASTER_v3.1.md,1680,M2-106 — 4. Vision métier et cycle complet de l’affaire,m2-106,F45,TITLE_THEME,THEMATIC_INDEX_NOT_ATOMIC_REQUIREMENT_PROOF
M2-107,docs/Actifs/01_Cahiers_des_charges/SMART_AO_CAHIER_DIRECTEUR_METIER_MASTER_v3.1.md,1700,M2-107 — 4.1 Les portes de décision,m2-107,F44,TITLE_THEME,THEMATIC_INDEX_NOT_ATOMIC_REQUIREMENT_PROOF
M2-108,docs/Actifs/01_Cahiers_des_charges/SMART_AO_CAHIER_DIRECTEUR_METIER_MASTER_v3.1.md,1716,M2-108 — 5. Exigences métier par domaine,m2-108,F09,TITLE_THEME,THEMATIC_INDEX_NOT_ATOMIC_REQUIREMENT_PROOF
M2-109,docs/Actifs/01_Cahiers_des_charges/SMART_AO_CAHIER_DIRECTEUR_METIER_MASTER_v3.1.md,1741,M2-109 — 5.1 Justification des domaines ajoutés,m2-109,F09,PARENT_THEME,THEMATIC_INDEX_NOT_ATOMIC_REQUIREMENT_PROOF
M2-110,docs/Actifs/01_Cahiers_des_charges/SMART_AO_CAHIER_DIRECTEUR_METIER_MASTER_v3.1.md,1758,M2-110 — 6. Intelligence commerciale avant publication,m2-110,F21,PARENT_THEME,THEMATIC_INDEX_NOT_ATOMIC_REQUIREMENT_PROOF
M2-111,docs/Actifs/01_Cahiers_des_charges/SMART_AO_CAHIER_DIRECTEUR_METIER_MASTER_v3.1.md,1761,M2-111 — 6.1 Finalité,m2-111,F21,PARENT_THEME,THEMATIC_INDEX_NOT_ATOMIC_REQUIREMENT_PROOF
M2-112,docs/Actifs/01_Cahiers_des_charges/SMART_AO_CAHIER_DIRECTEUR_METIER_MASTER_v3.1.md,1768,M2-112 — 6.2 Objets métier à ajouter,m2-112,F45,TITLE_THEME,THEMATIC_INDEX_NOT_ATOMIC_REQUIREMENT_PROOF
M2-113,docs/Actifs/01_Cahiers_des_charges/SMART_AO_CAHIER_DIRECTEUR_METIER_MASTER_v3.1.md,1779,M2-113 — 6.3 Garde-fous,m2-113,F21,PARENT_THEME,THEMATIC_INDEX_NOT_ATOMIC_REQUIREMENT_PROOF
M2-114,docs/Actifs/01_Cahiers_des_charges/SMART_AO_CAHIER_DIRECTEUR_METIER_MASTER_v3.1.md,1792,M2-114 — 6.4 Place dans le produit,m2-114,F21,PARENT_THEME,THEMATIC_INDEX_NOT_ATOMIC_REQUIREMENT_PROOF
M2-115,docs/Actifs/01_Cahiers_des_charges/SMART_AO_CAHIER_DIRECTEUR_METIER_MASTER_v3.1.md,1797,M2-115 — 7. GO/NO-GO économique et financier,m2-115,F19|F26,TITLE_THEME,THEMATIC_INDEX_NOT_ATOMIC_REQUIREMENT_PROOF
M2-116,docs/Actifs/01_Cahiers_des_charges/SMART_AO_CAHIER_DIRECTEUR_METIER_MASTER_v3.1.md,1800,M2-116 — 7.1 Décision attendue,m2-116,F19|F26,PARENT_THEME,THEMATIC_INDEX_NOT_ATOMIC_REQUIREMENT_PROOF
M2-117,docs/Actifs/01_Cahiers_des_charges/SMART_AO_CAHIER_DIRECTEUR_METIER_MASTER_v3.1.md,1812,M2-117 — 7.2 Courbe de trésorerie de l’affaire,m2-117,F33,TITLE_THEME,THEMATIC_INDEX_NOT_ATOMIC_REQUIREMENT_PROOF
M2-118,docs/Actifs/01_Cahiers_des_charges/SMART_AO_CAHIER_DIRECTEUR_METIER_MASTER_v3.1.md,1843,M2-118 — 7.3 Scénarios minimaux,m2-118,F19|F39,TITLE_THEME,THEMATIC_INDEX_NOT_ATOMIC_REQUIREMENT_PROOF
M2-119,docs/Actifs/01_Cahiers_des_charges/SMART_AO_CAHIER_DIRECTEUR_METIER_MASTER_v3.1.md,1858,M2-119 — 7.4 Règles de décision,m2-119,F19|F26,PARENT_THEME,THEMATIC_INDEX_NOT_ATOMIC_REQUIREMENT_PROOF
M2-120,docs/Actifs/01_Cahiers_des_charges/SMART_AO_CAHIER_DIRECTEUR_METIER_MASTER_v3.1.md,1869,M2-120 — 8. Capacité réelle à exécuter,m2-120,F21,TITLE_THEME,THEMATIC_INDEX_NOT_ATOMIC_REQUIREMENT_PROOF
M2-121,docs/Actifs/01_Cahiers_des_charges/SMART_AO_CAHIER_DIRECTEUR_METIER_MASTER_v3.1.md,1874,M2-121 — 8.1 Ressources à confronter au calendrier,m2-121,F21,TITLE_THEME,THEMATIC_INDEX_NOT_ATOMIC_REQUIREMENT_PROOF
M2-122,docs/Actifs/01_Cahiers_des_charges/SMART_AO_CAHIER_DIRECTEUR_METIER_MASTER_v3.1.md,1889,M2-122 — 8.2 Risques opérationnels souvent invisibles au GO initial,m2-122,F10,TITLE_THEME,THEMATIC_INDEX_NOT_ATOMIC_REQUIREMENT_PROOF
M2-123,docs/Actifs/01_Cahiers_des_charges/SMART_AO_CAHIER_DIRECTEUR_METIER_MASTER_v3.1.md,1904,M2-123 — 9. Interfaces techniques et coûts invisibles,m2-123,F28,TITLE_THEME,THEMATIC_INDEX_NOT_ATOMIC_REQUIREMENT_PROOF
M2-124,docs/Actifs/01_Cahiers_des_charges/SMART_AO_CAHIER_DIRECTEUR_METIER_MASTER_v3.1.md,1923,M2-124 — 9.1 Familles transversales à rechercher,m2-124,F28,PARENT_THEME,THEMATIC_INDEX_NOT_ATOMIC_REQUIREMENT_PROOF
M2-125,docs/Actifs/01_Cahiers_des_charges/SMART_AO_CAHIER_DIRECTEUR_METIER_MASTER_v3.1.md,1939,"M2-125 — 10. Fournisseurs, sous-traitants et groupements",m2-125,F23,TITLE_THEME,THEMATIC_INDEX_NOT_ATOMIC_REQUIREMENT_PROOF
M2-126,docs/Actifs/01_Cahiers_des_charges/SMART_AO_CAHIER_DIRECTEUR_METIER_MASTER_v3.1.md,1942,M2-126 — 10.1 Consultation et comparaison des partenaires,m2-126,F05|F23|F24,TITLE_THEME,THEMATIC_INDEX_NOT_ATOMIC_REQUIREMENT_PROOF
M2-127,docs/Actifs/01_Cahiers_des_charges/SMART_AO_CAHIER_DIRECTEUR_METIER_MASTER_v3.1.md,1960,M2-127 — 10.2 Sous-traitance,m2-127,F23,TITLE_THEME,THEMATIC_INDEX_NOT_ATOMIC_REQUIREMENT_PROOF
M2-128,docs/Actifs/01_Cahiers_des_charges/SMART_AO_CAHIER_DIRECTEUR_METIER_MASTER_v3.1.md,1972,M2-128 — 10.3 Cotraitance et groupement momentané,m2-128,F23,TITLE_THEME,THEMATIC_INDEX_NOT_ATOMIC_REQUIREMENT_PROOF
M2-129,docs/Actifs/01_Cahiers_des_charges/SMART_AO_CAHIER_DIRECTEUR_METIER_MASTER_v3.1.md,1992,M2-129 — 11. Candidature et différences entre marchés publics et privés,m2-129,F21,PARENT_THEME,THEMATIC_INDEX_NOT_ATOMIC_REQUIREMENT_PROOF
M2-130,docs/Actifs/01_Cahiers_des_charges/SMART_AO_CAHIER_DIRECTEUR_METIER_MASTER_v3.1.md,1995,M2-130 — 11.1 Commande publique,m2-130,F21,PARENT_THEME,THEMATIC_INDEX_NOT_ATOMIC_REQUIREMENT_PROOF
M2-131,docs/Actifs/01_Cahiers_des_charges/SMART_AO_CAHIER_DIRECTEUR_METIER_MASTER_v3.1.md,2004,M2-131 — 11.2 Marchés privés,m2-131,F21,PARENT_THEME,THEMATIC_INDEX_NOT_ATOMIC_REQUIREMENT_PROOF
M2-132,docs/Actifs/01_Cahiers_des_charges/SMART_AO_CAHIER_DIRECTEUR_METIER_MASTER_v3.1.md,2037,M2-132 — 11.3 Formes d’affaires et procédures à distinguer,m2-132,F21,PARENT_THEME,THEMATIC_INDEX_NOT_ATOMIC_REQUIREMENT_PROOF
M2-133,docs/Actifs/01_Cahiers_des_charges/SMART_AO_CAHIER_DIRECTEUR_METIER_MASTER_v3.1.md,2055,M2-133 — 11.4 Situations administratives sensibles,m2-133,F21,PARENT_THEME,THEMATIC_INDEX_NOT_ATOMIC_REQUIREMENT_PROOF
M2-134,docs/Actifs/01_Cahiers_des_charges/SMART_AO_CAHIER_DIRECTEUR_METIER_MASTER_v3.1.md,2062,"M2-134 — 12. Production, contrôle et dépôt de l’offre",m2-134,F27|F30,TITLE_THEME,THEMATIC_INDEX_NOT_ATOMIC_REQUIREMENT_PROOF
M2-135,docs/Actifs/01_Cahiers_des_charges/SMART_AO_CAHIER_DIRECTEUR_METIER_MASTER_v3.1.md,2067,M2-135 — 12.1 Dossier de production,m2-135,F27|F30,PARENT_THEME,THEMATIC_INDEX_NOT_ATOMIC_REQUIREMENT_PROOF
M2-136,docs/Actifs/01_Cahiers_des_charges/SMART_AO_CAHIER_DIRECTEUR_METIER_MASTER_v3.1.md,2081,M2-136 — 12.2 Registre des engagements,m2-136,F27|F30,PARENT_THEME,THEMATIC_INDEX_NOT_ATOMIC_REQUIREMENT_PROOF
M2-137,docs/Actifs/01_Cahiers_des_charges/SMART_AO_CAHIER_DIRECTEUR_METIER_MASTER_v3.1.md,2098,M2-137 — 12.3 Dépôt,m2-137,F30,TITLE_THEME,THEMATIC_INDEX_NOT_ATOMIC_REQUIREMENT_PROOF
M2-138,docs/Actifs/01_Cahiers_des_charges/SMART_AO_CAHIER_DIRECTEUR_METIER_MASTER_v3.1.md,2116,"M2-138 — 13. Clarification, négociation et mise au point",m2-138,F21,PARENT_THEME,THEMATIC_INDEX_NOT_ATOMIC_REQUIREMENT_PROOF
M2-139,docs/Actifs/01_Cahiers_des_charges/SMART_AO_CAHIER_DIRECTEUR_METIER_MASTER_v3.1.md,2133,"M2-139 — 14. Attribution, rejet et décision de recours",m2-139,F31,TITLE_THEME,THEMATIC_INDEX_NOT_ATOMIC_REQUIREMENT_PROOF
M2-140,docs/Actifs/01_Cahiers_des_charges/SMART_AO_CAHIER_DIRECTEUR_METIER_MASTER_v3.1.md,2151,M2-140 — 15. Passation de l’offre vers l’exécution,m2-140,F27|F31,TITLE_THEME,THEMATIC_INDEX_NOT_ATOMIC_REQUIREMENT_PROOF
M2-141,docs/Actifs/01_Cahiers_des_charges/SMART_AO_CAHIER_DIRECTEUR_METIER_MASTER_v3.1.md,2173,M2-141 — 16. Retour d’expérience et capital métier,m2-141,F36|F44,TITLE_THEME,THEMATIC_INDEX_NOT_ATOMIC_REQUIREMENT_PROOF
M2-142,docs/Actifs/01_Cahiers_des_charges/SMART_AO_CAHIER_DIRECTEUR_METIER_MASTER_v3.1.md,2191,M2-142 — 17. Frontières de SMART AO dans l’écosystème de la PME,m2-142,F21,PARENT_THEME,THEMATIC_INDEX_NOT_ATOMIC_REQUIREMENT_PROOF
M2-143,docs/Actifs/01_Cahiers_des_charges/SMART_AO_CAHIER_DIRECTEUR_METIER_MASTER_v3.1.md,2211,M2-143 — 17.1 Principes d’échange,m2-143,F45,TITLE_THEME,THEMATIC_INDEX_NOT_ATOMIC_REQUIREMENT_PROOF
M2-144,docs/Actifs/01_Cahiers_des_charges/SMART_AO_CAHIER_DIRECTEUR_METIER_MASTER_v3.1.md,2221,"M2-144 — 18. Acteurs, droits et responsabilités",m2-144,F21,PARENT_THEME,THEMATIC_INDEX_NOT_ATOMIC_REQUIREMENT_PROOF
M2-145,docs/Actifs/01_Cahiers_des_charges/SMART_AO_CAHIER_DIRECTEUR_METIER_MASTER_v3.1.md,2240,M2-145 — 19. Veille concurrentielle et écosystème,m2-145,F04|F40|F42,TITLE_THEME,THEMATIC_INDEX_NOT_ATOMIC_REQUIREMENT_PROOF
M2-146,docs/Actifs/01_Cahiers_des_charges/SMART_AO_CAHIER_DIRECTEUR_METIER_MASTER_v3.1.md,2243,M2-146 — 19.1 Concurrents directs et adjacents,m2-146,F40|F42,TITLE_THEME,THEMATIC_INDEX_NOT_ATOMIC_REQUIREMENT_PROOF
M2-147,docs/Actifs/01_Cahiers_des_charges/SMART_AO_CAHIER_DIRECTEUR_METIER_MASTER_v3.1.md,2259,M2-147 — Niveau de preuve atteint par acteur,m2-147,F04|F40|F42,PARENT_THEME,THEMATIC_INDEX_NOT_ATOMIC_REQUIREMENT_PROOF
M2-148,docs/Actifs/01_Cahiers_des_charges/SMART_AO_CAHIER_DIRECTEUR_METIER_MASTER_v3.1.md,2276,M2-148 — 19.2 Repères internationaux et substituts,m2-148,F39,TITLE_THEME,THEMATIC_INDEX_NOT_ATOMIC_REQUIREMENT_PROOF
M2-149,docs/Actifs/01_Cahiers_des_charges/SMART_AO_CAHIER_DIRECTEUR_METIER_MASTER_v3.1.md,2283,M2-149 — 19.3 Tarifs publics observés,m2-149,F04|F40|F42,PARENT_THEME,THEMATIC_INDEX_NOT_ATOMIC_REQUIREMENT_PROOF
M2-150,docs/Actifs/01_Cahiers_des_charges/SMART_AO_CAHIER_DIRECTEUR_METIER_MASTER_v3.1.md,2299,M2-150 — 20. Ce qui est devenu standard et les espaces encore défendables,m2-150,F39,TITLE_THEME,THEMATIC_INDEX_NOT_ATOMIC_REQUIREMENT_PROOF
M2-151,docs/Actifs/01_Cahiers_des_charges/SMART_AO_CAHIER_DIRECTEUR_METIER_MASTER_v3.1.md,2302,M2-151 — 20.1 Fonctions devenues courantes,m2-151,F39,PARENT_THEME,THEMATIC_INDEX_NOT_ATOMIC_REQUIREMENT_PROOF
M2-152,docs/Actifs/01_Cahiers_des_charges/SMART_AO_CAHIER_DIRECTEUR_METIER_MASTER_v3.1.md,2318,M2-152 — 20.2 Espaces de différenciation prioritaires,m2-152,F45,TITLE_THEME,THEMATIC_INDEX_NOT_ATOMIC_REQUIREMENT_PROOF
M2-153,docs/Actifs/01_Cahiers_des_charges/SMART_AO_CAHIER_DIRECTEUR_METIER_MASTER_v3.1.md,2334,M2-153 — 20.3 Positionnement proposé,m2-153,F45,TITLE_THEME,THEMATIC_INDEX_NOT_ATOMIC_REQUIREMENT_PROOF
M2-154,docs/Actifs/01_Cahiers_des_charges/SMART_AO_CAHIER_DIRECTEUR_METIER_MASTER_v3.1.md,2341,M2-154 — 21. Matrice de couverture du cycle complet,m2-154,F21,PARENT_THEME,THEMATIC_INDEX_NOT_ATOMIC_REQUIREMENT_PROOF
M2-155,docs/Actifs/01_Cahiers_des_charges/SMART_AO_CAHIER_DIRECTEUR_METIER_MASTER_v3.1.md,2366,M2-155 — 21.1 Axes de filtrage obligatoires,m2-155,F08,TITLE_THEME,THEMATIC_INDEX_NOT_ATOMIC_REQUIREMENT_PROOF
M2-156,docs/Actifs/01_Cahiers_des_charges/SMART_AO_CAHIER_DIRECTEUR_METIER_MASTER_v3.1.md,2373,M2-156 — 22. Cas hostiles et scénarios extrêmes,m2-156,F19,TITLE_THEME,THEMATIC_INDEX_NOT_ATOMIC_REQUIREMENT_PROOF
M2-157,docs/Actifs/01_Cahiers_des_charges/SMART_AO_CAHIER_DIRECTEUR_METIER_MASTER_v3.1.md,2394,"M2-157 — 23. Veille réglementaire, documentaire et conjoncturelle",m2-157,F04|F12,TITLE_THEME,THEMATIC_INDEX_NOT_ATOMIC_REQUIREMENT_PROOF
M2-158,docs/Actifs/01_Cahiers_des_charges/SMART_AO_CAHIER_DIRECTEUR_METIER_MASTER_v3.1.md,2397,M2-158 — 23.1 Séparer le structurel du conjoncturel,m2-158,F04|F12,PARENT_THEME,THEMATIC_INDEX_NOT_ATOMIC_REQUIREMENT_PROOF
M2-159,docs/Actifs/01_Cahiers_des_charges/SMART_AO_CAHIER_DIRECTEUR_METIER_MASTER_v3.1.md,2407,M2-159 — 23.2 Photographie économique au 11 septembre 2026,m2-159,F19|F38,TITLE_THEME,THEMATIC_INDEX_NOT_ATOMIC_REQUIREMENT_PROOF
M2-160,docs/Actifs/01_Cahiers_des_charges/SMART_AO_CAHIER_DIRECTEUR_METIER_MASTER_v3.1.md,2414,M2-160 — 23.3 Registre de veille,m2-160,F04,TITLE_THEME,THEMATIC_INDEX_NOT_ATOMIC_REQUIREMENT_PROOF
M2-161,docs/Actifs/01_Cahiers_des_charges/SMART_AO_CAHIER_DIRECTEUR_METIER_MASTER_v3.1.md,2433,"M2-161 — 24. Gouvernance de l’IA, des données et des documents",m2-161,F45,TITLE_THEME,THEMATIC_INDEX_NOT_ATOMIC_REQUIREMENT_PROOF
M2-162,docs/Actifs/01_Cahiers_des_charges/SMART_AO_CAHIER_DIRECTEUR_METIER_MASTER_v3.1.md,2438,M2-162 — 24.1 Exigences non négociables,m2-162,F09,TITLE_THEME,THEMATIC_INDEX_NOT_ATOMIC_REQUIREMENT_PROOF
M2-163,docs/Actifs/01_Cahiers_des_charges/SMART_AO_CAHIER_DIRECTEUR_METIER_MASTER_v3.1.md,2453,M2-163 — 24.2 Règle d’abstention,m2-163,F45,PARENT_THEME,THEMATIC_INDEX_NOT_ATOMIC_REQUIREMENT_PROOF
M2-164,docs/Actifs/01_Cahiers_des_charges/SMART_AO_CAHIER_DIRECTEUR_METIER_MASTER_v3.1.md,2458,M2-164 — 25. Priorisation métier,m2-164,F21,PARENT_THEME,THEMATIC_INDEX_NOT_ATOMIC_REQUIREMENT_PROOF
M2-165,docs/Actifs/01_Cahiers_des_charges/SMART_AO_CAHIER_DIRECTEUR_METIER_MASTER_v3.1.md,2461,M2-165 — P0 — Socle qui doit protéger la première offre réelle,m2-165,F04|F27|F39,TITLE_THEME,THEMATIC_INDEX_NOT_ATOMIC_REQUIREMENT_PROOF
M2-166,docs/Actifs/01_Cahiers_des_charges/SMART_AO_CAHIER_DIRECTEUR_METIER_MASTER_v3.1.md,2475,M2-166 — P1 — Valeur forte après sécurisation du socle,m2-166,F04,TITLE_THEME,THEMATIC_INDEX_NOT_ATOMIC_REQUIREMENT_PROOF
M2-167,docs/Actifs/01_Cahiers_des_charges/SMART_AO_CAHIER_DIRECTEUR_METIER_MASTER_v3.1.md,2487,M2-167 — P2 — Extension commerciale et écosystème,m2-167,F26,TITLE_THEME,THEMATIC_INDEX_NOT_ATOMIC_REQUIREMENT_PROOF
M2-168,docs/Actifs/01_Cahiers_des_charges/SMART_AO_CAHIER_DIRECTEUR_METIER_MASTER_v3.1.md,2498,M2-168 — 26. Critères d’acceptation métier,m2-168,F21,PARENT_THEME,THEMATIC_INDEX_NOT_ATOMIC_REQUIREMENT_PROOF
M2-169,docs/Actifs/01_Cahiers_des_charges/SMART_AO_CAHIER_DIRECTEUR_METIER_MASTER_v3.1.md,2523,M2-169 — 27. Décisions de périmètre à prendre par le propriétaire de SMART AO,m2-169,F45,TITLE_THEME,THEMATIC_INDEX_NOT_ATOMIC_REQUIREMENT_PROOF
M2-170,docs/Actifs/01_Cahiers_des_charges/SMART_AO_CAHIER_DIRECTEUR_METIER_MASTER_v3.1.md,2541,M2-170 — 28. Registre de validation externe,m2-170,F21,PARENT_THEME,THEMATIC_INDEX_NOT_ATOMIC_REQUIREMENT_PROOF
M2-171,docs/Actifs/01_Cahiers_des_charges/SMART_AO_CAHIER_DIRECTEUR_METIER_MASTER_v3.1.md,2563,M2-171 — 29. Cohérence avec l’univers documentaire métier v1.0,m2-171,F21,PARENT_THEME,THEMATIC_INDEX_NOT_ATOMIC_REQUIREMENT_PROOF
M2-172,docs/Actifs/01_Cahiers_des_charges/SMART_AO_CAHIER_DIRECTEUR_METIER_MASTER_v3.1.md,2580,M2-172 — 29.1 Définitions de référence,m2-172,F45,TITLE_THEME,THEMATIC_INDEX_NOT_ATOMIC_REQUIREMENT_PROOF
M2-173,docs/Actifs/01_Cahiers_des_charges/SMART_AO_CAHIER_DIRECTEUR_METIER_MASTER_v3.1.md,2592,M2-173 — 30. Catalogue de recettes métier,m2-173,F40,TITLE_THEME,THEMATIC_INDEX_NOT_ATOMIC_REQUIREMENT_PROOF
M2-174,docs/Actifs/01_Cahiers_des_charges/SMART_AO_CAHIER_DIRECTEUR_METIER_MASTER_v3.1.md,2630,M2-174 — 31. Conclusion métier,m2-174,F21,PARENT_THEME,THEMATIC_INDEX_NOT_ATOMIC_REQUIREMENT_PROOF
M2-175,docs/Actifs/01_Cahiers_des_charges/SMART_AO_CAHIER_DIRECTEUR_METIER_MASTER_v3.1.md,2641,M2-175 — Sources,m2-175,F21,PARENT_THEME,THEMATIC_INDEX_NOT_ATOMIC_REQUIREMENT_PROOF
M2-176,docs/Actifs/01_Cahiers_des_charges/SMART_AO_CAHIER_DIRECTEUR_METIER_MASTER_v3.1.md,2721,M2-176 — PARTIE III — UNIVERS DOCUMENTAIRE MÉTIER v1.0 INTÉGRÉ EN TOTALITÉ,m2-176,F07|F27|F03,MANUAL_SCOPE_DISPOSITION,SCOPE_OR_GOVERNANCE_NOT_ATOMIC_REQUIREMENT_PROOF
M2-177,docs/Actifs/01_Cahiers_des_charges/SMART_AO_CAHIER_DIRECTEUR_METIER_MASTER_v3.1.md,2726,M2-177 — SMART AO — Univers documentaire métier,m2-177,F07|F27|F03,MANUAL_SCOPE_DISPOSITION,SCOPE_OR_GOVERNANCE_NOT_ATOMIC_REQUIREMENT_PROOF
M2-178,docs/Actifs/01_Cahiers_des_charges/SMART_AO_CAHIER_DIRECTEUR_METIER_MASTER_v3.1.md,2736,M2-178 — 1. Décision métier,m2-178,F26,MANUAL_SCOPE_DISPOSITION,SCOPE_OR_GOVERNANCE_NOT_ATOMIC_REQUIREMENT_PROOF
M2-179,docs/Actifs/01_Cahiers_des_charges/SMART_AO_CAHIER_DIRECTEUR_METIER_MASTER_v3.1.md,2765,M2-179 — 2. Périmètre et méthode,m2-179,F45,TITLE_THEME,THEMATIC_INDEX_NOT_ATOMIC_REQUIREMENT_PROOF
M2-180,docs/Actifs/01_Cahiers_des_charges/SMART_AO_CAHIER_DIRECTEUR_METIER_MASTER_v3.1.md,2779,M2-180 — 2.1 Résultats mesurés dans le corpus,m2-180,F45,PARENT_THEME,THEMATIC_INDEX_NOT_ATOMIC_REQUIREMENT_PROOF
M2-181,docs/Actifs/01_Cahiers_des_charges/SMART_AO_CAHIER_DIRECTEUR_METIER_MASTER_v3.1.md,2806,M2-181 — 3. Les quatre univers documentaires,m2-181,F07|F27|F03,MANUAL_SCOPE_DISPOSITION,SCOPE_OR_GOVERNANCE_NOT_ATOMIC_REQUIREMENT_PROOF
M2-182,docs/Actifs/01_Cahiers_des_charges/SMART_AO_CAHIER_DIRECTEUR_METIER_MASTER_v3.1.md,2809,M2-182 — 3.1 Documents fournis ou référencés par l’acheteur,m2-182,F45,TITLE_THEME,THEMATIC_INDEX_NOT_ATOMIC_REQUIREMENT_PROOF
M2-183,docs/Actifs/01_Cahiers_des_charges/SMART_AO_CAHIER_DIRECTEUR_METIER_MASTER_v3.1.md,2824,M2-183 — 3.2 Documents à remettre par le candidat ou le soumissionnaire,m2-183,F27|F30,MANUAL_SCOPE_DISPOSITION,SCOPE_OR_GOVERNANCE_NOT_ATOMIC_REQUIREMENT_PROOF
M2-184,docs/Actifs/01_Cahiers_des_charges/SMART_AO_CAHIER_DIRECTEUR_METIER_MASTER_v3.1.md,2829,M2-184 — 3.3 Preuves externes que SMART AO ne fabrique pas,m2-184,F06|F42,MANUAL_SCOPE_DISPOSITION,SCOPE_OR_GOVERNANCE_NOT_ATOMIC_REQUIREMENT_PROOF
M2-185,docs/Actifs/01_Cahiers_des_charges/SMART_AO_CAHIER_DIRECTEUR_METIER_MASTER_v3.1.md,2834,M2-185 — 3.4 Documents nécessaires à l’étude ou au prix,m2-185,F19,TITLE_THEME,THEMATIC_INDEX_NOT_ATOMIC_REQUIREMENT_PROOF
M2-186,docs/Actifs/01_Cahiers_des_charges/SMART_AO_CAHIER_DIRECTEUR_METIER_MASTER_v3.1.md,2845,M2-186 — 4. Registre des exigences documentaires,m2-186,F09,TITLE_THEME,THEMATIC_INDEX_NOT_ATOMIC_REQUIREMENT_PROOF
M2-187,docs/Actifs/01_Cahiers_des_charges/SMART_AO_CAHIER_DIRECTEUR_METIER_MASTER_v3.1.md,2850,M2-187 — 4.1 Fiche métier minimale,m2-187,F09,PARENT_THEME,THEMATIC_INDEX_NOT_ATOMIC_REQUIREMENT_PROOF
M2-188,docs/Actifs/01_Cahiers_des_charges/SMART_AO_CAHIER_DIRECTEUR_METIER_MASTER_v3.1.md,2881,M2-188 — 4.2 États du cycle,m2-188,F09,PARENT_THEME,THEMATIC_INDEX_NOT_ATOMIC_REQUIREMENT_PROOF
M2-189,docs/Actifs/01_Cahiers_des_charges/SMART_AO_CAHIER_DIRECTEUR_METIER_MASTER_v3.1.md,2894,M2-189 — 4.3 Vocabulaire commun de référence,m2-189,F45,TITLE_THEME,THEMATIC_INDEX_NOT_ATOMIC_REQUIREMENT_PROOF
M2-190,docs/Actifs/01_Cahiers_des_charges/SMART_AO_CAHIER_DIRECTEUR_METIER_MASTER_v3.1.md,2912,M2-190 — 5. Classification commune produire–remplir–récupérer–demander,m2-190,F07|F27|F03,MANUAL_SCOPE_DISPOSITION,SCOPE_OR_GOVERNANCE_NOT_ATOMIC_REQUIREMENT_PROOF
M2-191,docs/Actifs/01_Cahiers_des_charges/SMART_AO_CAHIER_DIRECTEUR_METIER_MASTER_v3.1.md,2932,M2-191 — 6. Catalogue documentaire métier extensible,m2-191,F07|F27|F03,MANUAL_SCOPE_DISPOSITION,SCOPE_OR_GOVERNANCE_NOT_ATOMIC_REQUIREMENT_PROOF
M2-192,docs/Actifs/01_Cahiers_des_charges/SMART_AO_CAHIER_DIRECTEUR_METIER_MASTER_v3.1.md,2937,M2-192 — 6.1 Pièces fournies par l’acheteur ou le maître d’ouvrage,m2-192,F08,TITLE_THEME,THEMATIC_INDEX_NOT_ATOMIC_REQUIREMENT_PROOF
M2-193,docs/Actifs/01_Cahiers_des_charges/SMART_AO_CAHIER_DIRECTEUR_METIER_MASTER_v3.1.md,2957,M2-193 — 6.2 Candidature et capacité,m2-193,F21,TITLE_THEME,THEMATIC_INDEX_NOT_ATOMIC_REQUIREMENT_PROOF
M2-194,docs/Actifs/01_Cahiers_des_charges/SMART_AO_CAHIER_DIRECTEUR_METIER_MASTER_v3.1.md,2989,M2-194 — 6.3 Offre administrative et contractuelle,m2-194,F27,TITLE_THEME,THEMATIC_INDEX_NOT_ATOMIC_REQUIREMENT_PROOF
M2-195,docs/Actifs/01_Cahiers_des_charges/SMART_AO_CAHIER_DIRECTEUR_METIER_MASTER_v3.1.md,3007,M2-195 — 6.4 Documents financiers,m2-195,F18|F19,MANUAL_SCOPE_DISPOSITION,SCOPE_OR_GOVERNANCE_NOT_ATOMIC_REQUIREMENT_PROOF
M2-196,docs/Actifs/01_Cahiers_des_charges/SMART_AO_CAHIER_DIRECTEUR_METIER_MASTER_v3.1.md,3026,M2-196 — 6.5 Offre technique et mémoire,m2-196,F27,TITLE_THEME,THEMATIC_INDEX_NOT_ATOMIC_REQUIREMENT_PROOF
M2-197,docs/Actifs/01_Cahiers_des_charges/SMART_AO_CAHIER_DIRECTEUR_METIER_MASTER_v3.1.md,3051,M2-197 — 6.6 Annexes spécifiques et objets inhabituels,m2-197,F45,TITLE_THEME,THEMATIC_INDEX_NOT_ATOMIC_REQUIREMENT_PROOF
M2-198,docs/Actifs/01_Cahiers_des_charges/SMART_AO_CAHIER_DIRECTEUR_METIER_MASTER_v3.1.md,3077,M2-198 — 6.7 Marchés privés : reconstruire le dossier contractuel,m2-198,F13|F12,MANUAL_SCOPE_DISPOSITION,SCOPE_OR_GOVERNANCE_NOT_ATOMIC_REQUIREMENT_PROOF
M2-199,docs/Actifs/01_Cahiers_des_charges/SMART_AO_CAHIER_DIRECTEUR_METIER_MASTER_v3.1.md,3106,M2-199 — 7. Matrice réglementaire et procédurale publique,m2-199,F12,TITLE_THEME,THEMATIC_INDEX_NOT_ATOMIC_REQUIREMENT_PROOF
M2-200,docs/Actifs/01_Cahiers_des_charges/SMART_AO_CAHIER_DIRECTEUR_METIER_MASTER_v3.1.md,3126,"M2-200 — 8. Documents externes, validité et interdiction de génération",m2-200,F07|F27|F03,MANUAL_SCOPE_DISPOSITION,SCOPE_OR_GOVERNANCE_NOT_ATOMIC_REQUIREMENT_PROOF
M2-201,docs/Actifs/01_Cahiers_des_charges/SMART_AO_CAHIER_DIRECTEUR_METIER_MASTER_v3.1.md,3155,M2-201 — 9. Bibliothèque des pièces réellement rencontrées dans le corpus,m2-201,F40,MANUAL_SCOPE_DISPOSITION,SCOPE_OR_GOVERNANCE_NOT_ATOMIC_REQUIREMENT_PROOF
M2-202,docs/Actifs/01_Cahiers_des_charges/SMART_AO_CAHIER_DIRECTEUR_METIER_MASTER_v3.1.md,3158,M2-202 — 9.1 AP-HP Sorbonne Université — entretien et modernisation multi-sites,m2-202,F36,TITLE_THEME,THEMATIC_INDEX_NOT_ATOMIC_REQUIREMENT_PROOF
M2-203,docs/Actifs/01_Cahiers_des_charges/SMART_AO_CAHIER_DIRECTEUR_METIER_MASTER_v3.1.md,3177,M2-203 — 9.2 Groupement hospitalier universitaire de Champagne — accord-cadre d’entretien,m2-203,F23|F36,TITLE_THEME,THEMATIC_INDEX_NOT_ATOMIC_REQUIREMENT_PROOF
M2-204,docs/Actifs/01_Cahiers_des_charges/SMART_AO_CAHIER_DIRECTEUR_METIER_MASTER_v3.1.md,3188,M2-204 — 9.3 Centre médical Filieris — réhabilitation et mise aux normes,m2-204,F39,TITLE_THEME,THEMATIC_INDEX_NOT_ATOMIC_REQUIREMENT_PROOF
M2-205,docs/Actifs/01_Cahiers_des_charges/SMART_AO_CAHIER_DIRECTEUR_METIER_MASTER_v3.1.md,3200,M2-205 — 9.4 Centrale de groupes électrogènes et sécurisation électrique,m2-205,F40,MANUAL_SCOPE_DISPOSITION,SCOPE_OR_GOVERNANCE_NOT_ATOMIC_REQUIREMENT_PROOF
M2-206,docs/Actifs/01_Cahiers_des_charges/SMART_AO_CAHIER_DIRECTEUR_METIER_MASTER_v3.1.md,3209,M2-206 — 9.5 Réhabilitation du bâtiment d’hôtellerie du cercle mixte de la Gendarmerie de Dijon,m2-206,F40,MANUAL_SCOPE_DISPOSITION,SCOPE_OR_GOVERNANCE_NOT_ATOMIC_REQUIREMENT_PROOF
M2-207,docs/Actifs/01_Cahiers_des_charges/SMART_AO_CAHIER_DIRECTEUR_METIER_MASTER_v3.1.md,3218,"M2-207 — 9.6 RN12 — déviation d’Ernée, terrassements, assainissement, chaussées et équipements",m2-207,F11,TITLE_THEME,THEMATIC_INDEX_NOT_ATOMIC_REQUIREMENT_PROOF
M2-208,docs/Actifs/01_Cahiers_des_charges/SMART_AO_CAHIER_DIRECTEUR_METIER_MASTER_v3.1.md,3227,M2-208 — 9.7 Typologie consolidée des annexes du corpus,m2-208,F40,MANUAL_SCOPE_DISPOSITION,SCOPE_OR_GOVERNANCE_NOT_ATOMIC_REQUIREMENT_PROOF
M2-209,docs/Actifs/01_Cahiers_des_charges/SMART_AO_CAHIER_DIRECTEUR_METIER_MASTER_v3.1.md,3244,M2-209 — 10. Niveaux d’exigence pour les informations de prix,m2-209,F09|F19|F39,TITLE_THEME,THEMATIC_INDEX_NOT_ATOMIC_REQUIREMENT_PROOF
M2-210,docs/Actifs/01_Cahiers_des_charges/SMART_AO_CAHIER_DIRECTEUR_METIER_MASTER_v3.1.md,3259,M2-210 — 11. Matrice des exigences minimales d’information pour établir le prix,m2-210,F09|F19,TITLE_THEME,THEMATIC_INDEX_NOT_ATOMIC_REQUIREMENT_PROOF
M2-211,docs/Actifs/01_Cahiers_des_charges/SMART_AO_CAHIER_DIRECTEUR_METIER_MASTER_v3.1.md,3262,M2-211 — 11.1 Tous travaux,m2-211,F39,TITLE_THEME,THEMATIC_INDEX_NOT_ATOMIC_REQUIREMENT_PROOF
M2-212,docs/Actifs/01_Cahiers_des_charges/SMART_AO_CAHIER_DIRECTEUR_METIER_MASTER_v3.1.md,3277,M2-212 — 11.2 Terrassement et VRD,m2-212,F09|F19,PARENT_THEME,THEMATIC_INDEX_NOT_ATOMIC_REQUIREMENT_PROOF
M2-213,docs/Actifs/01_Cahiers_des_charges/SMART_AO_CAHIER_DIRECTEUR_METIER_MASTER_v3.1.md,3293,"M2-213 — 11.3 Fondations, gros œuvre et structure",m2-213,F09|F19,PARENT_THEME,THEMATIC_INDEX_NOT_ATOMIC_REQUIREMENT_PROOF
M2-214,docs/Actifs/01_Cahiers_des_charges/SMART_AO_CAHIER_DIRECTEUR_METIER_MASTER_v3.1.md,3308,"M2-214 — 11.4 Réhabilitation, démolition et désamiantage",m2-214,F09|F19,PARENT_THEME,THEMATIC_INDEX_NOT_ATOMIC_REQUIREMENT_PROOF
M2-215,docs/Actifs/01_Cahiers_des_charges/SMART_AO_CAHIER_DIRECTEUR_METIER_MASTER_v3.1.md,3324,"M2-215 — 11.5 Enveloppe, étanchéité et façades",m2-215,F09|F19,PARENT_THEME,THEMATIC_INDEX_NOT_ATOMIC_REQUIREMENT_PROOF
M2-216,docs/Actifs/01_Cahiers_des_charges/SMART_AO_CAHIER_DIRECTEUR_METIER_MASTER_v3.1.md,3336,"M2-216 — 11.6 Électricité, SSI, GTC et groupes électrogènes",m2-216,F09|F19,PARENT_THEME,THEMATIC_INDEX_NOT_ATOMIC_REQUIREMENT_PROOF
M2-217,docs/Actifs/01_Cahiers_des_charges/SMART_AO_CAHIER_DIRECTEUR_METIER_MASTER_v3.1.md,3350,"M2-217 — 11.7 CVC, plomberie, fluides et équipements techniques",m2-217,F09|F19,PARENT_THEME,THEMATIC_INDEX_NOT_ATOMIC_REQUIREMENT_PROOF
M2-218,docs/Actifs/01_Cahiers_des_charges/SMART_AO_CAHIER_DIRECTEUR_METIER_MASTER_v3.1.md,3364,M2-218 — 11.8 Second œuvre et aménagement,m2-218,F09|F19,PARENT_THEME,THEMATIC_INDEX_NOT_ATOMIC_REQUIREMENT_PROOF
M2-219,docs/Actifs/01_Cahiers_des_charges/SMART_AO_CAHIER_DIRECTEUR_METIER_MASTER_v3.1.md,3376,M2-219 — 11.9 Opérations multi-sites et accords-cadres,m2-219,F09|F19,PARENT_THEME,THEMATIC_INDEX_NOT_ATOMIC_REQUIREMENT_PROOF
M2-220,docs/Actifs/01_Cahiers_des_charges/SMART_AO_CAHIER_DIRECTEUR_METIER_MASTER_v3.1.md,3387,M2-220 — 12. Documents après attribution à anticiper dans le prix,m2-220,F19|F31,TITLE_THEME,THEMATIC_INDEX_NOT_ATOMIC_REQUIREMENT_PROOF
M2-221,docs/Actifs/01_Cahiers_des_charges/SMART_AO_CAHIER_DIRECTEUR_METIER_MASTER_v3.1.md,3406,M2-221 — 13. Contrôle de complétude du DCE avant chiffrage,m2-221,F08|F18,TITLE_THEME,THEMATIC_INDEX_NOT_ATOMIC_REQUIREMENT_PROOF
M2-222,docs/Actifs/01_Cahiers_des_charges/SMART_AO_CAHIER_DIRECTEUR_METIER_MASTER_v3.1.md,3411,M2-222 — 13.1 Inventaire technique,m2-222,F08|F18,PARENT_THEME,THEMATIC_INDEX_NOT_ATOMIC_REQUIREMENT_PROOF
M2-223,docs/Actifs/01_Cahiers_des_charges/SMART_AO_CAHIER_DIRECTEUR_METIER_MASTER_v3.1.md,3422,M2-223 — 13.2 Inventaire annoncé contre inventaire reçu,m2-223,F08|F18,PARENT_THEME,THEMATIC_INDEX_NOT_ATOMIC_REQUIREMENT_PROOF
M2-224,docs/Actifs/01_Cahiers_des_charges/SMART_AO_CAHIER_DIRECTEUR_METIER_MASTER_v3.1.md,3427,M2-224 — 13.3 Découverte des exigences de remise,m2-224,F09|F30,TITLE_THEME,THEMATIC_INDEX_NOT_ATOMIC_REQUIREMENT_PROOF
M2-225,docs/Actifs/01_Cahiers_des_charges/SMART_AO_CAHIER_DIRECTEUR_METIER_MASTER_v3.1.md,3439,M2-225 — 13.4 Analyse des données minimales pour le prix,m2-225,F19,TITLE_THEME,THEMATIC_INDEX_NOT_ATOMIC_REQUIREMENT_PROOF
M2-226,docs/Actifs/01_Cahiers_des_charges/SMART_AO_CAHIER_DIRECTEUR_METIER_MASTER_v3.1.md,3446,M2-226 — 13.5 Contradictions et limites,m2-226,F09,TITLE_THEME,THEMATIC_INDEX_NOT_ATOMIC_REQUIREMENT_PROOF
M2-227,docs/Actifs/01_Cahiers_des_charges/SMART_AO_CAHIER_DIRECTEUR_METIER_MASTER_v3.1.md,3458,M2-227 — 13.6 Décision de préparation,m2-227,F08|F18,PARENT_THEME,THEMATIC_INDEX_NOT_ATOMIC_REQUIREMENT_PROOF
M2-228,docs/Actifs/01_Cahiers_des_charges/SMART_AO_CAHIER_DIRECTEUR_METIER_MASTER_v3.1.md,3471,M2-228 — 14. Règles de traitement des modèles propriétaires,m2-228,F07|F27|F03,MANUAL_SCOPE_DISPOSITION,SCOPE_OR_GOVERNANCE_NOT_ATOMIC_REQUIREMENT_PROOF
M2-229,docs/Actifs/01_Cahiers_des_charges/SMART_AO_CAHIER_DIRECTEUR_METIER_MASTER_v3.1.md,3474,M2-229 — 14.1 Principe de fidélité,m2-229,F45,TITLE_THEME,THEMATIC_INDEX_NOT_ATOMIC_REQUIREMENT_PROOF
M2-230,docs/Actifs/01_Cahiers_des_charges/SMART_AO_CAHIER_DIRECTEUR_METIER_MASTER_v3.1.md,3490,M2-230 — 14.2 Document libre,m2-230,F07|F27|F03,MANUAL_SCOPE_DISPOSITION,SCOPE_OR_GOVERNANCE_NOT_ATOMIC_REQUIREMENT_PROOF
M2-231,docs/Actifs/01_Cahiers_des_charges/SMART_AO_CAHIER_DIRECTEUR_METIER_MASTER_v3.1.md,3495,M2-231 — 14.3 Formulaire tiers ou portail,m2-231,F44,TITLE_THEME,THEMATIC_INDEX_NOT_ATOMIC_REQUIREMENT_PROOF
M2-232,docs/Actifs/01_Cahiers_des_charges/SMART_AO_CAHIER_DIRECTEUR_METIER_MASTER_v3.1.md,3500,M2-232 — 14.4 Objets physiques,m2-232,F45,TITLE_THEME,THEMATIC_INDEX_NOT_ATOMIC_REQUIREMENT_PROOF
M2-233,docs/Actifs/01_Cahiers_des_charges/SMART_AO_CAHIER_DIRECTEUR_METIER_MASTER_v3.1.md,3505,M2-233 — 15. Patrimoine documentaire de l’entreprise,m2-233,F03|F36,MANUAL_SCOPE_DISPOSITION,SCOPE_OR_GOVERNANCE_NOT_ATOMIC_REQUIREMENT_PROOF
M2-234,docs/Actifs/01_Cahiers_des_charges/SMART_AO_CAHIER_DIRECTEUR_METIER_MASTER_v3.1.md,3508,M2-234 — 15.1 Données stables mais contrôlées,m2-234,F03|F36,MANUAL_SCOPE_DISPOSITION,SCOPE_OR_GOVERNANCE_NOT_ATOMIC_REQUIREMENT_PROOF
M2-235,docs/Actifs/01_Cahiers_des_charges/SMART_AO_CAHIER_DIRECTEUR_METIER_MASTER_v3.1.md,3519,M2-235 — 15.2 Données périodiques ou expirables,m2-235,F03|F36,MANUAL_SCOPE_DISPOSITION,SCOPE_OR_GOVERNANCE_NOT_ATOMIC_REQUIREMENT_PROOF
M2-236,docs/Actifs/01_Cahiers_des_charges/SMART_AO_CAHIER_DIRECTEUR_METIER_MASTER_v3.1.md,3535,M2-236 — 15.3 Contenus réutilisables avec contexte,m2-236,F03|F36,MANUAL_SCOPE_DISPOSITION,SCOPE_OR_GOVERNANCE_NOT_ATOMIC_REQUIREMENT_PROOF
M2-237,docs/Actifs/01_Cahiers_des_charges/SMART_AO_CAHIER_DIRECTEUR_METIER_MASTER_v3.1.md,3548,M2-237 — 15.4 Confidentialité et exclusion des sorties candidat,m2-237,F42,TITLE_THEME,THEMATIC_INDEX_NOT_ATOMIC_REQUIREMENT_PROOF
M2-238,docs/Actifs/01_Cahiers_des_charges/SMART_AO_CAHIER_DIRECTEUR_METIER_MASTER_v3.1.md,3562,M2-238 — 16. Constitution du dossier final et manifeste de remise,m2-238,F30,TITLE_THEME,THEMATIC_INDEX_NOT_ATOMIC_REQUIREMENT_PROOF
M2-239,docs/Actifs/01_Cahiers_des_charges/SMART_AO_CAHIER_DIRECTEUR_METIER_MASTER_v3.1.md,3565,M2-239 — 16.1 Le manifeste,m2-239,F30,PARENT_THEME,THEMATIC_INDEX_NOT_ATOMIC_REQUIREMENT_PROOF
M2-240,docs/Actifs/01_Cahiers_des_charges/SMART_AO_CAHIER_DIRECTEUR_METIER_MASTER_v3.1.md,3594,M2-240 — 16.2 Aucune hypothèse ZIP,m2-240,F30,PARENT_THEME,THEMATIC_INDEX_NOT_ATOMIC_REQUIREMENT_PROOF
M2-241,docs/Actifs/01_Cahiers_des_charges/SMART_AO_CAHIER_DIRECTEUR_METIER_MASTER_v3.1.md,3599,M2-241 — 16.3 Contrôles avant autorisation,m2-241,F30,PARENT_THEME,THEMATIC_INDEX_NOT_ATOMIC_REQUIREMENT_PROOF
M2-242,docs/Actifs/01_Cahiers_des_charges/SMART_AO_CAHIER_DIRECTEUR_METIER_MASTER_v3.1.md,3613,M2-242 — 16.4 Après transmission,m2-242,F30,PARENT_THEME,THEMATIC_INDEX_NOT_ATOMIC_REQUIREMENT_PROOF
M2-243,docs/Actifs/01_Cahiers_des_charges/SMART_AO_CAHIER_DIRECTEUR_METIER_MASTER_v3.1.md,3618,M2-243 — 17. Blocages et décisions humaines,m2-243,F26,MANUAL_SCOPE_DISPOSITION,SCOPE_OR_GOVERNANCE_NOT_ATOMIC_REQUIREMENT_PROOF
M2-244,docs/Actifs/01_Cahiers_des_charges/SMART_AO_CAHIER_DIRECTEUR_METIER_MASTER_v3.1.md,3637,M2-244 — 18. Veille concurrentielle documentaire,m2-244,F04|F40|F42,TITLE_THEME,THEMATIC_INDEX_NOT_ATOMIC_REQUIREMENT_PROOF
M2-245,docs/Actifs/01_Cahiers_des_charges/SMART_AO_CAHIER_DIRECTEUR_METIER_MASTER_v3.1.md,3640,M2-245 — 18.1 Fonctions observées,m2-245,F04|F40|F42,PARENT_THEME,THEMATIC_INDEX_NOT_ATOMIC_REQUIREMENT_PROOF
M2-246,docs/Actifs/01_Cahiers_des_charges/SMART_AO_CAHIER_DIRECTEUR_METIER_MASTER_v3.1.md,3656,M2-246 — 18.2 Fonctions devenues standard,m2-246,F04|F40|F42,PARENT_THEME,THEMATIC_INDEX_NOT_ATOMIC_REQUIREMENT_PROOF
M2-247,docs/Actifs/01_Cahiers_des_charges/SMART_AO_CAHIER_DIRECTEUR_METIER_MASTER_v3.1.md,3668,M2-247 — 18.3 Espaces de différenciation documentaire,m2-247,F04|F40|F42,PARENT_THEME,THEMATIC_INDEX_NOT_ATOMIC_REQUIREMENT_PROOF
M2-248,docs/Actifs/01_Cahiers_des_charges/SMART_AO_CAHIER_DIRECTEUR_METIER_MASTER_v3.1.md,3683,M2-248 — 19. Priorisation métier,m2-248,F45,MANUAL_SCOPE_DISPOSITION,SCOPE_OR_GOVERNANCE_NOT_ATOMIC_REQUIREMENT_PROOF
M2-249,docs/Actifs/01_Cahiers_des_charges/SMART_AO_CAHIER_DIRECTEUR_METIER_MASTER_v3.1.md,3686,M2-249 — P0 — Indispensable au premier produit documentaire,m2-249,F04,TITLE_THEME,THEMATIC_INDEX_NOT_ATOMIC_REQUIREMENT_PROOF
M2-250,docs/Actifs/01_Cahiers_des_charges/SMART_AO_CAHIER_DIRECTEUR_METIER_MASTER_v3.1.md,3701,M2-250 — P1 — Important après validation du socle,m2-250,F04|F44,TITLE_THEME,THEMATIC_INDEX_NOT_ATOMIC_REQUIREMENT_PROOF
M2-251,docs/Actifs/01_Cahiers_des_charges/SMART_AO_CAHIER_DIRECTEUR_METIER_MASTER_v3.1.md,3713,M2-251 — P2 — Spécialisations avancées,m2-251,F26,TITLE_THEME,THEMATIC_INDEX_NOT_ATOMIC_REQUIREMENT_PROOF
M2-252,docs/Actifs/01_Cahiers_des_charges/SMART_AO_CAHIER_DIRECTEUR_METIER_MASTER_v3.1.md,3724,M2-252 — 20. Critères d’acceptation métier,m2-252,F40,MANUAL_SCOPE_DISPOSITION,SCOPE_OR_GOVERNANCE_NOT_ATOMIC_REQUIREMENT_PROOF
M2-253,docs/Actifs/01_Cahiers_des_charges/SMART_AO_CAHIER_DIRECTEUR_METIER_MASTER_v3.1.md,3746,M2-253 — 20.1 Dossiers de validation minimaux,m2-253,F39,TITLE_THEME,THEMATIC_INDEX_NOT_ATOMIC_REQUIREMENT_PROOF
M2-254,docs/Actifs/01_Cahiers_des_charges/SMART_AO_CAHIER_DIRECTEUR_METIER_MASTER_v3.1.md,3757,M2-254 — 20.2 Recettes documentaires de clôture,m2-254,F35|F40,TITLE_THEME,THEMATIC_INDEX_NOT_ATOMIC_REQUIREMENT_PROOF
M2-255,docs/Actifs/01_Cahiers_des_charges/SMART_AO_CAHIER_DIRECTEUR_METIER_MASTER_v3.1.md,3772,M2-255 — 21. Décisions de périmètre du propriétaire,m2-255,F45,TITLE_THEME,THEMATIC_INDEX_NOT_ATOMIC_REQUIREMENT_PROOF
M2-256,docs/Actifs/01_Cahiers_des_charges/SMART_AO_CAHIER_DIRECTEUR_METIER_MASTER_v3.1.md,3779,M2-256 — 22. Backlog de validation externe,m2-256,F40,MANUAL_SCOPE_DISPOSITION,SCOPE_OR_GOVERNANCE_NOT_ATOMIC_REQUIREMENT_PROOF
M2-257,docs/Actifs/01_Cahiers_des_charges/SMART_AO_CAHIER_DIRECTEUR_METIER_MASTER_v3.1.md,3794,M2-257 — 23. Conclusion,m2-257,F45,MANUAL_SCOPE_DISPOSITION,SCOPE_OR_GOVERNANCE_NOT_ATOMIC_REQUIREMENT_PROOF
M2-258,docs/Actifs/01_Cahiers_des_charges/SMART_AO_CAHIER_DIRECTEUR_METIER_MASTER_v3.1.md,3805,M2-258 — Sources,m2-258,F45,MANUAL_SCOPE_DISPOSITION,SCOPE_OR_GOVERNANCE_NOT_ATOMIC_REQUIREMENT_PROOF
M2-259,docs/Actifs/01_Cahiers_des_charges/SMART_AO_CAHIER_DIRECTEUR_METIER_MASTER_v3.1.md,3851,M2-259 — Sources locales du corpus,m2-259,F45,MANUAL_SCOPE_DISPOSITION,SCOPE_OR_GOVERNANCE_NOT_ATOMIC_REQUIREMENT_PROOF
M2-260,docs/Actifs/01_Cahiers_des_charges/SMART_AO_CAHIER_DIRECTEUR_METIER_MASTER_v3.1.md,3863,M2-260 — PARTIE IV — ARBITRAGES PROPRIÉTAIRE MÉTIER ABSORBÉS DE OWNER CONSOLIDATED v0.4,m2-260,F08,TITLE_THEME,THEMATIC_INDEX_NOT_ATOMIC_REQUIREMENT_PROOF
M2-261,docs/Actifs/01_Cahiers_des_charges/SMART_AO_CAHIER_DIRECTEUR_METIER_MASTER_v3.1.md,3868,M2-261 — 3. Vision propriétaire,m2-261,F45,TITLE_THEME,THEMATIC_INDEX_NOT_ATOMIC_REQUIREMENT_PROOF
M2-262,docs/Actifs/01_Cahiers_des_charges/SMART_AO_CAHIER_DIRECTEUR_METIER_MASTER_v3.1.md,3871,M2-262 — 3.1 Question fondamentale,m2-262,F45,PARENT_THEME,THEMATIC_INDEX_NOT_ATOMIC_REQUIREMENT_PROOF
M2-263,docs/Actifs/01_Cahiers_des_charges/SMART_AO_CAHIER_DIRECTEUR_METIER_MASTER_v3.1.md,3880,M2-263 — 3.2 Promesse produit,m2-263,F45,TITLE_THEME,THEMATIC_INDEX_NOT_ATOMIC_REQUIREMENT_PROOF
M2-264,docs/Actifs/01_Cahiers_des_charges/SMART_AO_CAHIER_DIRECTEUR_METIER_MASTER_v3.1.md,3900,M2-264 — 3.3 Positionnement,m2-264,F45,TITLE_THEME,THEMATIC_INDEX_NOT_ATOMIC_REQUIREMENT_PROOF
M2-265,docs/Actifs/01_Cahiers_des_charges/SMART_AO_CAHIER_DIRECTEUR_METIER_MASTER_v3.1.md,3921,M2-265 — 4. Client initial et périmètre commercial,m2-265,F45,TITLE_THEME,THEMATIC_INDEX_NOT_ATOMIC_REQUIREMENT_PROOF
M2-266,docs/Actifs/01_Cahiers_des_charges/SMART_AO_CAHIER_DIRECTEUR_METIER_MASTER_v3.1.md,3924,M2-266 — 4.1 Client initial,m2-266,F45,PARENT_THEME,THEMATIC_INDEX_NOT_ATOMIC_REQUIREMENT_PROOF
M2-267,docs/Actifs/01_Cahiers_des_charges/SMART_AO_CAHIER_DIRECTEUR_METIER_MASTER_v3.1.md,3934,M2-267 — 4.2 Public / privé,m2-267,F45,PARENT_THEME,THEMATIC_INDEX_NOT_ATOMIC_REQUIREMENT_PROOF
M2-268,docs/Actifs/01_Cahiers_des_charges/SMART_AO_CAHIER_DIRECTEUR_METIER_MASTER_v3.1.md,3944,M2-268 — 4.3 Cycle vendu,m2-268,F45,PARENT_THEME,THEMATIC_INDEX_NOT_ATOMIC_REQUIREMENT_PROOF
M2-269,docs/Actifs/01_Cahiers_des_charges/SMART_AO_CAHIER_DIRECTEUR_METIER_MASTER_v3.1.md,3963,M2-269 — 5. Les deux piliers du produit,m2-269,F39,TITLE_THEME,THEMATIC_INDEX_NOT_ATOMIC_REQUIREMENT_PROOF
M2-270,docs/Actifs/01_Cahiers_des_charges/SMART_AO_CAHIER_DIRECTEUR_METIER_MASTER_v3.1.md,3966,M2-270 — 5.1 L’Affaire,m2-270,F39,PARENT_THEME,THEMATIC_INDEX_NOT_ATOMIC_REQUIREMENT_PROOF
M2-271,docs/Actifs/01_Cahiers_des_charges/SMART_AO_CAHIER_DIRECTEUR_METIER_MASTER_v3.1.md,3979,M2-271 — 5.2 La Mémoire Entreprise,m2-271,F03,TITLE_THEME,THEMATIC_INDEX_NOT_ATOMIC_REQUIREMENT_PROOF
M2-272,docs/Actifs/01_Cahiers_des_charges/SMART_AO_CAHIER_DIRECTEUR_METIER_MASTER_v3.1.md,3994,M2-272 — 7. Modèle d’autorité et séparation Patron / Collaborateur,m2-272,F08,PARENT_THEME,THEMATIC_INDEX_NOT_ATOMIC_REQUIREMENT_PROOF
M2-273,docs/Actifs/01_Cahiers_des_charges/SMART_AO_CAHIER_DIRECTEUR_METIER_MASTER_v3.1.md,3997,M2-273 — 7.1 Patron / dirigeant,m2-273,F08,PARENT_THEME,THEMATIC_INDEX_NOT_ATOMIC_REQUIREMENT_PROOF
M2-274,docs/Actifs/01_Cahiers_des_charges/SMART_AO_CAHIER_DIRECTEUR_METIER_MASTER_v3.1.md,4017,M2-274 — 7.2 Responsable d’offre / collaborateur,m2-274,F27,TITLE_THEME,THEMATIC_INDEX_NOT_ATOMIC_REQUIREMENT_PROOF
M2-275,docs/Actifs/01_Cahiers_des_charges/SMART_AO_CAHIER_DIRECTEUR_METIER_MASTER_v3.1.md,4036,M2-275 — 7.3 Experts internes,m2-275,F08,PARENT_THEME,THEMATIC_INDEX_NOT_ATOMIC_REQUIREMENT_PROOF
M2-276,docs/Actifs/01_Cahiers_des_charges/SMART_AO_CAHIER_DIRECTEUR_METIER_MASTER_v3.1.md,4047,M2-276 — 7.4 Administrateur,m2-276,F08,PARENT_THEME,THEMATIC_INDEX_NOT_ATOMIC_REQUIREMENT_PROOF
M2-277,docs/Actifs/01_Cahiers_des_charges/SMART_AO_CAHIER_DIRECTEUR_METIER_MASTER_v3.1.md,4056,M2-277 — 7.5 Tiers externes,m2-277,F08,PARENT_THEME,THEMATIC_INDEX_NOT_ATOMIC_REQUIREMENT_PROOF
M2-278,docs/Actifs/01_Cahiers_des_charges/SMART_AO_CAHIER_DIRECTEUR_METIER_MASTER_v3.1.md,4068,M2-278 — 19. Risques métier et facteurs de coût,m2-278,F10,TITLE_THEME,THEMATIC_INDEX_NOT_ATOMIC_REQUIREMENT_PROOF
M2-279,docs/Actifs/01_Cahiers_des_charges/SMART_AO_CAHIER_DIRECTEUR_METIER_MASTER_v3.1.md,4079,"M2-279 — 20. Fournisseurs, sous-traitants, cotraitants",m2-279,F23,TITLE_THEME,THEMATIC_INDEX_NOT_ATOMIC_REQUIREMENT_PROOF
M2-280,docs/Actifs/01_Cahiers_des_charges/SMART_AO_CAHIER_DIRECTEUR_METIER_MASTER_v3.1.md,4094,"M2-280 — 21. Chiffrage, marge, capacité, trésorerie",m2-280,F08|F18|F19|F21|F33,TITLE_THEME,THEMATIC_INDEX_NOT_ATOMIC_REQUIREMENT_PROOF
M2-281,docs/Actifs/01_Cahiers_des_charges/SMART_AO_CAHIER_DIRECTEUR_METIER_MASTER_v3.1.md,4097,M2-281 — 21.1 Doctrine,m2-281,F45,TITLE_THEME,THEMATIC_INDEX_NOT_ATOMIC_REQUIREMENT_PROOF
M2-282,docs/Actifs/01_Cahiers_des_charges/SMART_AO_CAHIER_DIRECTEUR_METIER_MASTER_v3.1.md,4112,M2-282 — 21.2 Orientation actuelle,m2-282,F08|F18|F19|F21|F33,PARENT_THEME,THEMATIC_INDEX_NOT_ATOMIC_REQUIREMENT_PROOF
M2-283,docs/Actifs/01_Cahiers_des_charges/SMART_AO_CAHIER_DIRECTEUR_METIER_MASTER_v3.1.md,4119,M2-283 — 21.3 Minimum économique V1 consolidé,m2-283,F19,TITLE_THEME,THEMATIC_INDEX_NOT_ATOMIC_REQUIREMENT_PROOF
M2-284,docs/Actifs/01_Cahiers_des_charges/SMART_AO_CAHIER_DIRECTEUR_METIER_MASTER_v3.1.md,4145,M2-284 — 22. GO / NO-GO et portes P0–P7,m2-284,F26|F31|F44,TITLE_THEME,THEMATIC_INDEX_NOT_ATOMIC_REQUIREMENT_PROOF
M2-285,docs/Actifs/01_Cahiers_des_charges/SMART_AO_CAHIER_DIRECTEUR_METIER_MASTER_v3.1.md,4158,M2-285 — 23. Production de la réponse,m2-285,F08,PARENT_THEME,THEMATIC_INDEX_NOT_ATOMIC_REQUIREMENT_PROOF
M2-286,docs/Actifs/01_Cahiers_des_charges/SMART_AO_CAHIER_DIRECTEUR_METIER_MASTER_v3.1.md,4169,M2-286 — 24. Engagements,m2-286,F08,PARENT_THEME,THEMATIC_INDEX_NOT_ATOMIC_REQUIREMENT_PROOF
M2-287,docs/Actifs/01_Cahiers_des_charges/SMART_AO_CAHIER_DIRECTEUR_METIER_MASTER_v3.1.md,4180,"M2-287 — 25. Coffre, manifeste et remise",m2-287,F27|F30,TITLE_THEME,THEMATIC_INDEX_NOT_ATOMIC_REQUIREMENT_PROOF
M2-288,docs/Actifs/01_Cahiers_des_charges/SMART_AO_CAHIER_DIRECTEUR_METIER_MASTER_v3.1.md,4203,M2-288 — 26. Rectificatifs et versions,m2-288,F08,PARENT_THEME,THEMATIC_INDEX_NOT_ATOMIC_REQUIREMENT_PROOF
M2-289,docs/Actifs/01_Cahiers_des_charges/SMART_AO_CAHIER_DIRECTEUR_METIER_MASTER_v3.1.md,4219,M2-289 — 27. Marchés privés,m2-289,F08,PARENT_THEME,THEMATIC_INDEX_NOT_ATOMIC_REQUIREMENT_PROOF
M2-290,docs/Actifs/01_Cahiers_des_charges/SMART_AO_CAHIER_DIRECTEUR_METIER_MASTER_v3.1.md,4230,M2-290 — 28. IA visible : une seule identité SMART AO,m2-290,F01,TITLE_THEME,THEMATIC_INDEX_NOT_ATOMIC_REQUIREMENT_PROOF
M2-291,docs/Actifs/01_Cahiers_des_charges/SMART_AO_CAHIER_DIRECTEUR_METIER_MASTER_v3.1.md,4233,M2-291 — 45. Registre propriétaire — décisions verrouillées,m2-291,F08,PARENT_THEME,THEMATIC_INDEX_NOT_ATOMIC_REQUIREMENT_PROOF
M2-292,docs/Actifs/01_Cahiers_des_charges/SMART_AO_CAHIER_DIRECTEUR_METIER_MASTER_v3.1.md,4236,M2-292 — DEC-01 — Client initial — FIGÉ,m2-292,F08,PARENT_THEME,THEMATIC_INDEX_NOT_ATOMIC_REQUIREMENT_PROOF
M2-293,docs/Actifs/01_Cahiers_des_charges/SMART_AO_CAHIER_DIRECTEUR_METIER_MASTER_v3.1.md,4240,M2-293 — DEC-02 — Cycle vendu — FIGÉ,m2-293,F08,PARENT_THEME,THEMATIC_INDEX_NOT_ATOMIC_REQUIREMENT_PROOF
M2-294,docs/Actifs/01_Cahiers_des_charges/SMART_AO_CAHIER_DIRECTEUR_METIER_MASTER_v3.1.md,4244,M2-294 — DEC-03 — Public / privé — FIGÉ,m2-294,F08,PARENT_THEME,THEMATIC_INDEX_NOT_ATOMIC_REQUIREMENT_PROOF
M2-295,docs/Actifs/01_Cahiers_des_charges/SMART_AO_CAHIER_DIRECTEUR_METIER_MASTER_v3.1.md,4248,M2-295 — DEC-04 — Chiffrage — FIGÉ,m2-295,F08|F18,TITLE_THEME,THEMATIC_INDEX_NOT_ATOMIC_REQUIREMENT_PROOF
M2-296,docs/Actifs/01_Cahiers_des_charges/SMART_AO_CAHIER_DIRECTEUR_METIER_MASTER_v3.1.md,4252,M2-296 — DEC-05 — Dépôt — FIGÉ,m2-296,F30,TITLE_THEME,THEMATIC_INDEX_NOT_ATOMIC_REQUIREMENT_PROOF
M2-297,docs/Actifs/01_Cahiers_des_charges/SMART_AO_CAHIER_DIRECTEUR_METIER_MASTER_v3.1.md,4256,M2-297 — DEC-06 — Veille — FIGÉ,m2-297,F04,TITLE_THEME,THEMATIC_INDEX_NOT_ATOMIC_REQUIREMENT_PROOF
M2-298,docs/Actifs/01_Cahiers_des_charges/SMART_AO_CAHIER_DIRECTEUR_METIER_MASTER_v3.1.md,4260,M2-298 — DEC-07 — Contenus payants — FIGÉ,m2-298,F08,PARENT_THEME,THEMATIC_INDEX_NOT_ATOMIC_REQUIREMENT_PROOF
M2-299,docs/Actifs/01_Cahiers_des_charges/SMART_AO_CAHIER_DIRECTEUR_METIER_MASTER_v3.1.md,4264,M2-299 — DEC-08 — Juridique — FIGÉ,m2-299,F08,PARENT_THEME,THEMATIC_INDEX_NOT_ATOMIC_REQUIREMENT_PROOF
M2-300,docs/Actifs/01_Cahiers_des_charges/SMART_AO_CAHIER_DIRECTEUR_METIER_MASTER_v3.1.md,4268,M2-300 — DEC-09 — Données / IA — FIGÉ,m2-300,F08,PARENT_THEME,THEMATIC_INDEX_NOT_ATOMIC_REQUIREMENT_PROOF
M2-301,docs/Actifs/01_Cahiers_des_charges/SMART_AO_CAHIER_DIRECTEUR_METIER_MASTER_v3.1.md,4272,M2-301 — DEC-10 — Valeur — FIGÉ,m2-301,F08,PARENT_THEME,THEMATIC_INDEX_NOT_ATOMIC_REQUIREMENT_PROOF
M2-302,docs/Actifs/01_Cahiers_des_charges/SMART_AO_CAHIER_DIRECTEUR_METIER_MASTER_v3.1.md,4276,M2-302 — DEC-11 — Service — FIGÉ,m2-302,F08,PARENT_THEME,THEMATIC_INDEX_NOT_ATOMIC_REQUIREMENT_PROOF
M2-303,docs/Actifs/01_Cahiers_des_charges/SMART_AO_CAHIER_DIRECTEUR_METIER_MASTER_v3.1.md,4282,M2-303 — 46. Arbitrages propriétaire OWN-01 à OWN-13 — décisions finales,m2-303,F08,TITLE_THEME,THEMATIC_INDEX_NOT_ATOMIC_REQUIREMENT_PROOF
M2-304,docs/Actifs/01_Cahiers_des_charges/SMART_AO_CAHIER_DIRECTEUR_METIER_MASTER_v3.1.md,4285,M2-304 — OWN-01 — Premier compte — FIGÉ / AMENDÉ v0.4,m2-304,F08,PARENT_THEME,THEMATIC_INDEX_NOT_ATOMIC_REQUIREMENT_PROOF
M2-305,docs/Actifs/01_Cahiers_des_charges/SMART_AO_CAHIER_DIRECTEUR_METIER_MASTER_v3.1.md,4291,M2-305 — OWN-02 — Multi-Patron — FIGÉ,m2-305,F08,PARENT_THEME,THEMATIC_INDEX_NOT_ATOMIC_REQUIREMENT_PROOF
M2-306,docs/Actifs/01_Cahiers_des_charges/SMART_AO_CAHIER_DIRECTEUR_METIER_MASTER_v3.1.md,4300,M2-306 — OWN-03 — MFA — FIGÉ,m2-306,F01,TITLE_THEME,THEMATIC_INDEX_NOT_ATOMIC_REQUIREMENT_PROOF
M2-307,docs/Actifs/01_Cahiers_des_charges/SMART_AO_CAHIER_DIRECTEUR_METIER_MASTER_v3.1.md,4306,M2-307 — OWN-04 — Réauthentification — FIGÉ,m2-307,F01,TITLE_THEME,THEMATIC_INDEX_NOT_ATOMIC_REQUIREMENT_PROOF
M2-308,docs/Actifs/01_Cahiers_des_charges/SMART_AO_CAHIER_DIRECTEUR_METIER_MASTER_v3.1.md,4316,M2-308 — OWN-05 — SSO — FIGÉ,m2-308,F08,PARENT_THEME,THEMATIC_INDEX_NOT_ATOMIC_REQUIREMENT_PROOF
M2-309,docs/Actifs/01_Cahiers_des_charges/SMART_AO_CAHIER_DIRECTEUR_METIER_MASTER_v3.1.md,4320,M2-309 — OWN-06 — Onboarding — FIGÉ,m2-309,F08,PARENT_THEME,THEMATIC_INDEX_NOT_ATOMIC_REQUIREMENT_PROOF
M2-310,docs/Actifs/01_Cahiers_des_charges/SMART_AO_CAHIER_DIRECTEUR_METIER_MASTER_v3.1.md,4328,M2-310 — OWN-07 — Profondeur Prix V1 — FIGÉ,m2-310,F19,TITLE_THEME,THEMATIC_INDEX_NOT_ATOMIC_REQUIREMENT_PROOF
M2-311,docs/Actifs/01_Cahiers_des_charges/SMART_AO_CAHIER_DIRECTEUR_METIER_MASTER_v3.1.md,4344,M2-311 — OWN-08 — Marché privé V1 — FIGÉ,m2-311,F08,PARENT_THEME,THEMATIC_INDEX_NOT_ATOMIC_REQUIREMENT_PROOF
M2-312,docs/Actifs/01_Cahiers_des_charges/SMART_AO_CAHIER_DIRECTEUR_METIER_MASTER_v3.1.md,4358,M2-312 — OWN-09 — Tiers externes V1 — FIGÉ,m2-312,F08,PARENT_THEME,THEMATIC_INDEX_NOT_ATOMIC_REQUIREMENT_PROOF
M2-313,docs/Actifs/01_Cahiers_des_charges/SMART_AO_CAHIER_DIRECTEUR_METIER_MASTER_v3.1.md,4370,M2-313 — OWN-10 — Mobile V1 — FIGÉ,m2-313,F08,PARENT_THEME,THEMATIC_INDEX_NOT_ATOMIC_REQUIREMENT_PROOF
M2-314,docs/Actifs/01_Cahiers_des_charges/SMART_AO_CAHIER_DIRECTEUR_METIER_MASTER_v3.1.md,4383,M2-314 — OWN-11 — Dépôt — FIGÉ,m2-314,F30,TITLE_THEME,THEMATIC_INDEX_NOT_ATOMIC_REQUIREMENT_PROOF
M2-315,docs/Actifs/01_Cahiers_des_charges/SMART_AO_CAHIER_DIRECTEUR_METIER_MASTER_v3.1.md,4387,M2-315 — OWN-12 — Frontend / surface UX — FIGÉ / ÉTENDU v0.4-R1,m2-315,F39,TITLE_THEME,THEMATIC_INDEX_NOT_ATOMIC_REQUIREMENT_PROOF
M2-316,docs/Actifs/01_Cahiers_des_charges/SMART_AO_CAHIER_DIRECTEUR_METIER_MASTER_v3.1.md,4407,M2-316 — OWN-13 — Greenfield fonctionnel / V8 — FIGÉ,m2-316,F08,PARENT_THEME,THEMATIC_INDEX_NOT_ATOMIC_REQUIREMENT_PROOF
M2-317,docs/Actifs/01_Cahiers_des_charges/SMART_AO_CAHIER_DIRECTEUR_METIER_MASTER_v3.1.md,4419,M2-317 — R04 — Portes P0–P7 : contrat minimal,m2-317,F31|F44,TITLE_THEME,THEMATIC_INDEX_NOT_ATOMIC_REQUIREMENT_PROOF
M2-318,docs/Actifs/01_Cahiers_des_charges/SMART_AO_CAHIER_DIRECTEUR_METIER_MASTER_v3.1.md,4439,"M2-318 — R05 — Blocages, dérogations et invalidation",m2-318,F11,TITLE_THEME,THEMATIC_INDEX_NOT_ATOMIC_REQUIREMENT_PROOF
M2-319,docs/Actifs/01_Cahiers_des_charges/SMART_AO_CAHIER_DIRECTEUR_METIER_MASTER_v3.1.md,4452,"M2-319 — R06 — Lecture, couverture et fidélité documentaire",m2-319,F08,PARENT_THEME,THEMATIC_INDEX_NOT_ATOMIC_REQUIREMENT_PROOF
M2-320,docs/Actifs/01_Cahiers_des_charges/SMART_AO_CAHIER_DIRECTEUR_METIER_MASTER_v3.1.md,4465,"M2-320 — R07 — Éligibilité, candidature, visite, questions et critères",m2-320,F08,PARENT_THEME,THEMATIC_INDEX_NOT_ATOMIC_REQUIREMENT_PROOF
M2-321,docs/Actifs/01_Cahiers_des_charges/SMART_AO_CAHIER_DIRECTEUR_METIER_MASTER_v3.1.md,4478,M2-321 — R08 — Mémoire Entreprise et preuves réutilisables,m2-321,F03,TITLE_THEME,THEMATIC_INDEX_NOT_ATOMIC_REQUIREMENT_PROOF
M2-322,docs/Actifs/01_Cahiers_des_charges/SMART_AO_CAHIER_DIRECTEUR_METIER_MASTER_v3.1.md,4489,"M2-322 — R09 — Prix, marge, capacité et trésorerie minimales",m2-322,F19|F21|F33,TITLE_THEME,THEMATIC_INDEX_NOT_ATOMIC_REQUIREMENT_PROOF
M2-323,docs/Actifs/01_Cahiers_des_charges/SMART_AO_CAHIER_DIRECTEUR_METIER_MASTER_v3.1.md,4504,"M2-323 — R10 — Partenaires, groupements et engagements",m2-323,F23,TITLE_THEME,THEMATIC_INDEX_NOT_ATOMIC_REQUIREMENT_PROOF
M2-324,docs/Actifs/01_Cahiers_des_charges/SMART_AO_CAHIER_DIRECTEUR_METIER_MASTER_v3.1.md,4515,"M2-324 — R11 — Coffre, signature, dépôt humain et preuve",m2-324,F27|F30,TITLE_THEME,THEMATIC_INDEX_NOT_ATOMIC_REQUIREMENT_PROOF
M2-325,docs/Actifs/01_Cahiers_des_charges/SMART_AO_CAHIER_DIRECTEUR_METIER_MASTER_v3.1.md,4530,"M2-325 — R12 — Résultat, négociation, privé, passation et REX",m2-325,F31|F36,TITLE_THEME,THEMATIC_INDEX_NOT_ATOMIC_REQUIREMENT_PROOF
M2-326,docs/Actifs/01_Cahiers_des_charges/SMART_AO_CAHIER_DIRECTEUR_METIER_MASTER_v3.1.md,4545,M2-326 — PARTIE V — TRAÇABILITÉ DE FUSION ET GOUVERNANCE,m2-326,F45,TITLE_THEME,THEMATIC_INDEX_NOT_ATOMIC_REQUIREMENT_PROOF
M2-327,docs/Actifs/01_Cahiers_des_charges/SMART_AO_CAHIER_DIRECTEUR_METIER_MASTER_v3.1.md,4548,M2-327 — 46. Ce que ce MASTER garantit,m2-327,F45,PARENT_THEME,THEMATIC_INDEX_NOT_ATOMIC_REQUIREMENT_PROOF
M2-328,docs/Actifs/01_Cahiers_des_charges/SMART_AO_CAHIER_DIRECTEUR_METIER_MASTER_v3.1.md,4560,M2-328 — 47. Ce que ce MASTER ne fait pas encore,m2-328,F45,PARENT_THEME,THEMATIC_INDEX_NOT_ATOMIC_REQUIREMENT_PROOF
M2-329,docs/Actifs/01_Cahiers_des_charges/SMART_AO_CAHIER_DIRECTEUR_METIER_MASTER_v3.1.md,4567,M2-329 — 48. Transition réalisée avant modification de code,m2-329,F17,TITLE_THEME,THEMATIC_INDEX_NOT_ATOMIC_REQUIREMENT_PROOF
M2-330,docs/Actifs/01_Cahiers_des_charges/SMART_AO_CAHIER_DIRECTEUR_METIER_MASTER_v3.1.md,4578,M2-330 — 49. Critère d’acceptation du présent MASTER,m2-330,F45,PARENT_THEME,THEMATIC_INDEX_NOT_ATOMIC_REQUIREMENT_PROOF
M2-331,docs/Actifs/01_Cahiers_des_charges/SMART_AO_CAHIER_DIRECTEUR_METIER_MASTER_v3.1.md,4591,M2-331 — 50. Phrase de clôture métier,m2-331,F35,TITLE_THEME,THEMATIC_INDEX_NOT_ATOMIC_REQUIREMENT_PROOF
SMART_AO_CAHIER_DIRECTEUR_METIER_MASTER_v3.1:L4597,docs/Actifs/01_Cahiers_des_charges/SMART_AO_CAHIER_DIRECTEUR_METIER_MASTER_v3.1.md,4597,Spécification détaillée de la nouvelle orientation — M3,,F45,MANUAL_SCOPE_DISPOSITION,SCOPE_OR_GOVERNANCE_NOT_ATOMIC_REQUIREMENT_PROOF
SMART_AO_CAHIER_DIRECTEUR_METIER_MASTER_v3.1:L4601,docs/Actifs/01_Cahiers_des_charges/SMART_AO_CAHIER_DIRECTEUR_METIER_MASTER_v3.1.md,4601,Accès aux chapitres intégrés,,F39|F44,TITLE_THEME,THEMATIC_INDEX_NOT_ATOMIC_REQUIREMENT_PROOF
M3-001,docs/Actifs/01_Cahiers_des_charges/SMART_AO_CAHIER_DIRECTEUR_METIER_MASTER_v3.1.md,4687,M3-001 — SMART AO — CAHIER DIRECTEUR MÉTIER INTÉGRAL,m3-001,F45,MANUAL_SCOPE_DISPOSITION,SCOPE_OR_GOVERNANCE_NOT_ATOMIC_REQUIREMENT_PROOF
M3-002,docs/Actifs/01_Cahiers_des_charges/SMART_AO_CAHIER_DIRECTEUR_METIER_MASTER_v3.1.md,4689,M3-002 — MASTER CANDIDATE v3.0 — Réalignement stratégique et continuité métier,m3-002,F45,MANUAL_SCOPE_DISPOSITION,SCOPE_OR_GOVERNANCE_NOT_ATOMIC_REQUIREMENT_PROOF
M3-003,docs/Actifs/01_Cahiers_des_charges/SMART_AO_CAHIER_DIRECTEUR_METIER_MASTER_v3.1.md,4698,M3-003 — PARTIE I — DELTA NORMATIF V3 : NOUVEAU CENTRE DE GRAVITÉ,m3-003,F45,MANUAL_SCOPE_DISPOSITION,SCOPE_OR_GOVERNANCE_NOT_ATOMIC_REQUIREMENT_PROOF
M3-004,docs/Actifs/01_Cahiers_des_charges/SMART_AO_CAHIER_DIRECTEUR_METIER_MASTER_v3.1.md,4713,M3-004 — SMART AO — CAHIER DIRECTEUR PRODUIT & MÉTIER,m3-004,F45,MANUAL_SCOPE_DISPOSITION,SCOPE_OR_GOVERNANCE_NOT_ATOMIC_REQUIREMENT_PROOF
M3-005,docs/Actifs/01_Cahiers_des_charges/SMART_AO_CAHIER_DIRECTEUR_METIER_MASTER_v3.1.md,4715,M3-005 — V3.0 CANDIDATE — Système de maîtrise des engagements BTP,m3-005,F45,MANUAL_SCOPE_DISPOSITION,SCOPE_OR_GOVERNANCE_NOT_ATOMIC_REQUIREMENT_PROOF
M3-006,docs/Actifs/01_Cahiers_des_charges/SMART_AO_CAHIER_DIRECTEUR_METIER_MASTER_v3.1.md,4724,M3-006 — 0. RÈGLE DE RÉOUVERTURE,m3-006,F45,MANUAL_SCOPE_DISPOSITION,SCOPE_OR_GOVERNANCE_NOT_ATOMIC_REQUIREMENT_PROOF
M3-007,docs/Actifs/01_Cahiers_des_charges/SMART_AO_CAHIER_DIRECTEUR_METIER_MASTER_v3.1.md,4755,M3-007 — 1. QUESTION FONDAMENTALE V3,m3-007,F45,MANUAL_SCOPE_DISPOSITION,SCOPE_OR_GOVERNANCE_NOT_ATOMIC_REQUIREMENT_PROOF
M3-008,docs/Actifs/01_Cahiers_des_charges/SMART_AO_CAHIER_DIRECTEUR_METIER_MASTER_v3.1.md,4786,M3-008 — 2. CATÉGORIE PRODUIT,m3-008,F45,MANUAL_SCOPE_DISPOSITION,SCOPE_OR_GOVERNANCE_NOT_ATOMIC_REQUIREMENT_PROOF
M3-009,docs/Actifs/01_Cahiers_des_charges/SMART_AO_CAHIER_DIRECTEUR_METIER_MASTER_v3.1.md,4789,M3-009 — 2.1 Positionnement principal,m3-009,F45,TITLE_THEME,THEMATIC_INDEX_NOT_ATOMIC_REQUIREMENT_PROOF
M3-010,docs/Actifs/01_Cahiers_des_charges/SMART_AO_CAHIER_DIRECTEUR_METIER_MASTER_v3.1.md,4796,M3-010 — 2.2 Ce qu’il n’est pas,m3-010,F45,MANUAL_SCOPE_DISPOSITION,SCOPE_OR_GOVERNANCE_NOT_ATOMIC_REQUIREMENT_PROOF
M3-011,docs/Actifs/01_Cahiers_des_charges/SMART_AO_CAHIER_DIRECTEUR_METIER_MASTER_v3.1.md,4812,M3-011 — 2.3 Formulation commerciale candidate,m3-011,F45,MANUAL_SCOPE_DISPOSITION,SCOPE_OR_GOVERNANCE_NOT_ATOMIC_REQUIREMENT_PROOF
M3-012,docs/Actifs/01_Cahiers_des_charges/SMART_AO_CAHIER_DIRECTEUR_METIER_MASTER_v3.1.md,4823,M3-012 — 3. DOCTRINE DE PARITÉ ET DE DIFFÉRENCIATION,m3-012,F45,TITLE_THEME,THEMATIC_INDEX_NOT_ATOMIC_REQUIREMENT_PROOF
M3-013,docs/Actifs/01_Cahiers_des_charges/SMART_AO_CAHIER_DIRECTEUR_METIER_MASTER_v3.1.md,4826,M3-013 — 3.1 PARITY CORE,m3-013,F45,PARENT_THEME,THEMATIC_INDEX_NOT_ATOMIC_REQUIREMENT_PROOF
M3-014,docs/Actifs/01_Cahiers_des_charges/SMART_AO_CAHIER_DIRECTEUR_METIER_MASTER_v3.1.md,4851,M3-014 — 3.2 DEEP CORE,m3-014,F45,PARENT_THEME,THEMATIC_INDEX_NOT_ATOMIC_REQUIREMENT_PROOF
M3-015,docs/Actifs/01_Cahiers_des_charges/SMART_AO_CAHIER_DIRECTEUR_METIER_MASTER_v3.1.md,4869,M3-015 — 3.3 DEFERRED,m3-015,F45,PARENT_THEME,THEMATIC_INDEX_NOT_ATOMIC_REQUIREMENT_PROOF
M3-016,docs/Actifs/01_Cahiers_des_charges/SMART_AO_CAHIER_DIRECTEUR_METIER_MASTER_v3.1.md,4885,M3-016 — 4. LES INVARIANTS V3,m3-016,F42,TITLE_THEME,THEMATIC_INDEX_NOT_ATOMIC_REQUIREMENT_PROOF
M3-017,docs/Actifs/01_Cahiers_des_charges/SMART_AO_CAHIER_DIRECTEUR_METIER_MASTER_v3.1.md,4888,M3-017 — 4.1 Absence de preuve,m3-017,F42,PARENT_THEME,THEMATIC_INDEX_NOT_ATOMIC_REQUIREMENT_PROOF
M3-018,docs/Actifs/01_Cahiers_des_charges/SMART_AO_CAHIER_DIRECTEUR_METIER_MASTER_v3.1.md,4893,M3-018 — 4.2 Autorité,m3-018,F42,PARENT_THEME,THEMATIC_INDEX_NOT_ATOMIC_REQUIREMENT_PROOF
M3-019,docs/Actifs/01_Cahiers_des_charges/SMART_AO_CAHIER_DIRECTEUR_METIER_MASTER_v3.1.md,4902,M3-019 — 4.3 Temporalité,m3-019,F42,PARENT_THEME,THEMATIC_INDEX_NOT_ATOMIC_REQUIREMENT_PROOF
M3-020,docs/Actifs/01_Cahiers_des_charges/SMART_AO_CAHIER_DIRECTEUR_METIER_MASTER_v3.1.md,4916,M3-020 — 4.4 Causalité,m3-020,F38,TITLE_THEME,THEMATIC_INDEX_NOT_ATOMIC_REQUIREMENT_PROOF
M3-021,docs/Actifs/01_Cahiers_des_charges/SMART_AO_CAHIER_DIRECTEUR_METIER_MASTER_v3.1.md,4935,M3-021 — 4.5 Historique,m3-021,F42,PARENT_THEME,THEMATIC_INDEX_NOT_ATOMIC_REQUIREMENT_PROOF
M3-022,docs/Actifs/01_Cahiers_des_charges/SMART_AO_CAHIER_DIRECTEUR_METIER_MASTER_v3.1.md,4945,M3-022 — 4.6 Prudence,m3-022,F42,PARENT_THEME,THEMATIC_INDEX_NOT_ATOMIC_REQUIREMENT_PROOF
M3-023,docs/Actifs/01_Cahiers_des_charges/SMART_AO_CAHIER_DIRECTEUR_METIER_MASTER_v3.1.md,4964,M3-023 — 5. ENGAGEMENT CONTROL GRAPH — MODÈLE CENTRAL,m3-023,F38,TITLE_THEME,THEMATIC_INDEX_NOT_ATOMIC_REQUIREMENT_PROOF
M3-024,docs/Actifs/01_Cahiers_des_charges/SMART_AO_CAHIER_DIRECTEUR_METIER_MASTER_v3.1.md,4967,M3-024 — 5.1 Objectif,m3-024,F38,PARENT_THEME,THEMATIC_INDEX_NOT_ATOMIC_REQUIREMENT_PROOF
M3-025,docs/Actifs/01_Cahiers_des_charges/SMART_AO_CAHIER_DIRECTEUR_METIER_MASTER_v3.1.md,4972,M3-025 — 5.2 Familles d’objets,m3-025,F45,TITLE_THEME,THEMATIC_INDEX_NOT_ATOMIC_REQUIREMENT_PROOF
M3-026,docs/Actifs/01_Cahiers_des_charges/SMART_AO_CAHIER_DIRECTEUR_METIER_MASTER_v3.1.md,4975,M3-026 — Source & preuve,m3-026,F45,PARENT_THEME,THEMATIC_INDEX_NOT_ATOMIC_REQUIREMENT_PROOF
M3-027,docs/Actifs/01_Cahiers_des_charges/SMART_AO_CAHIER_DIRECTEUR_METIER_MASTER_v3.1.md,4984,M3-027 — Compréhension,m3-027,F45,PARENT_THEME,THEMATIC_INDEX_NOT_ATOMIC_REQUIREMENT_PROOF
M3-028,docs/Actifs/01_Cahiers_des_charges/SMART_AO_CAHIER_DIRECTEUR_METIER_MASTER_v3.1.md,4995,M3-028 — Applicabilité,m3-028,F12,TITLE_THEME,THEMATIC_INDEX_NOT_ATOMIC_REQUIREMENT_PROOF
M3-029,docs/Actifs/01_Cahiers_des_charges/SMART_AO_CAHIER_DIRECTEUR_METIER_MASTER_v3.1.md,5005,M3-029 — Engagement,m3-029,F45,PARENT_THEME,THEMATIC_INDEX_NOT_ATOMIC_REQUIREMENT_PROOF
M3-030,docs/Actifs/01_Cahiers_des_charges/SMART_AO_CAHIER_DIRECTEUR_METIER_MASTER_v3.1.md,5016,M3-030 — Impact,m3-030,F45,PARENT_THEME,THEMATIC_INDEX_NOT_ATOMIC_REQUIREMENT_PROOF
M3-031,docs/Actifs/01_Cahiers_des_charges/SMART_AO_CAHIER_DIRECTEUR_METIER_MASTER_v3.1.md,5028,M3-031 — Décision,m3-031,F45,PARENT_THEME,THEMATIC_INDEX_NOT_ATOMIC_REQUIREMENT_PROOF
M3-032,docs/Actifs/01_Cahiers_des_charges/SMART_AO_CAHIER_DIRECTEUR_METIER_MASTER_v3.1.md,5036,M3-032 — Offre / contrat vendu,m3-032,F27,TITLE_THEME,THEMATIC_INDEX_NOT_ATOMIC_REQUIREMENT_PROOF
M3-033,docs/Actifs/01_Cahiers_des_charges/SMART_AO_CAHIER_DIRECTEUR_METIER_MASTER_v3.1.md,5046,M3-033 — Exécution contrôlée,m3-033,F45,PARENT_THEME,THEMATIC_INDEX_NOT_ATOMIC_REQUIREMENT_PROOF
M3-034,docs/Actifs/01_Cahiers_des_charges/SMART_AO_CAHIER_DIRECTEUR_METIER_MASTER_v3.1.md,5058,M3-034 — Apprentissage,m3-034,F45,PARENT_THEME,THEMATIC_INDEX_NOT_ATOMIC_REQUIREMENT_PROOF
M3-035,docs/Actifs/01_Cahiers_des_charges/SMART_AO_CAHIER_DIRECTEUR_METIER_MASTER_v3.1.md,5066,M3-035 — 5.3 Relation minimale,m3-035,F38,TITLE_THEME,THEMATIC_INDEX_NOT_ATOMIC_REQUIREMENT_PROOF
M3-036,docs/Actifs/01_Cahiers_des_charges/SMART_AO_CAHIER_DIRECTEUR_METIER_MASTER_v3.1.md,5082,M3-036 — 6. CARTE D’ENGAGEMENT PATRON V3,m3-036,F38|F39,MANUAL_SCOPE_DISPOSITION,SCOPE_OR_GOVERNANCE_NOT_ATOMIC_REQUIREMENT_PROOF
M3-037,docs/Actifs/01_Cahiers_des_charges/SMART_AO_CAHIER_DIRECTEUR_METIER_MASTER_v3.1.md,5130,M3-037 — 7. LES PORTES P0–P7 SONT MAINTENUES,m3-037,F31|F44,TITLE_THEME,THEMATIC_INDEX_NOT_ATOMIC_REQUIREMENT_PROOF
M3-038,docs/Actifs/01_Cahiers_des_charges/SMART_AO_CAHIER_DIRECTEUR_METIER_MASTER_v3.1.md,5133,M3-038 — P0 — Cibler,m3-038,F04|F45,TITLE_THEME,THEMATIC_INDEX_NOT_ATOMIC_REQUIREMENT_PROOF
M3-039,docs/Actifs/01_Cahiers_des_charges/SMART_AO_CAHIER_DIRECTEUR_METIER_MASTER_v3.1.md,5140,M3-039 — P1 — Ouvrir,m3-039,F04,TITLE_THEME,THEMATIC_INDEX_NOT_ATOMIC_REQUIREMENT_PROOF
M3-040,docs/Actifs/01_Cahiers_des_charges/SMART_AO_CAHIER_DIRECTEUR_METIER_MASTER_v3.1.md,5145,M3-040 — P2 — GO de principe,m3-040,F26|F45,TITLE_THEME,THEMATIC_INDEX_NOT_ATOMIC_REQUIREMENT_PROOF
M3-041,docs/Actifs/01_Cahiers_des_charges/SMART_AO_CAHIER_DIRECTEUR_METIER_MASTER_v3.1.md,5163,M3-041 — P3 — GO économique / engagement,m3-041,F19|F26,TITLE_THEME,THEMATIC_INDEX_NOT_ATOMIC_REQUIREMENT_PROOF
M3-042,docs/Actifs/01_Cahiers_des_charges/SMART_AO_CAHIER_DIRECTEUR_METIER_MASTER_v3.1.md,5192,M3-042 — P4 — Autoriser l’offre,m3-042,F26|F27,TITLE_THEME,THEMATIC_INDEX_NOT_ATOMIC_REQUIREMENT_PROOF
M3-043,docs/Actifs/01_Cahiers_des_charges/SMART_AO_CAHIER_DIRECTEUR_METIER_MASTER_v3.1.md,5206,M3-043 — P5 — Autoriser le paquet exact,m3-043,F30,TITLE_THEME,THEMATIC_INDEX_NOT_ATOMIC_REQUIREMENT_PROOF
M3-044,docs/Actifs/01_Cahiers_des_charges/SMART_AO_CAHIER_DIRECTEUR_METIER_MASTER_v3.1.md,5215,M3-044 — P6 — Accepter une clarification / négociation / mise au point,m3-044,F31,TITLE_THEME,THEMATIC_INDEX_NOT_ATOMIC_REQUIREMENT_PROOF
M3-045,docs/Actifs/01_Cahiers_des_charges/SMART_AO_CAHIER_DIRECTEUR_METIER_MASTER_v3.1.md,5231,M3-045 — P7 — Lancer l’exécution,m3-045,F31,TITLE_THEME,THEMATIC_INDEX_NOT_ATOMIC_REQUIREMENT_PROOF
M3-046,docs/Actifs/01_Cahiers_des_charges/SMART_AO_CAHIER_DIRECTEUR_METIER_MASTER_v3.1.md,5260,M3-046 — 8. VERTICAL A — AVANT DE SIGNER,m3-046,F11|F20|F26,MANUAL_SCOPE_DISPOSITION,SCOPE_OR_GOVERNANCE_NOT_ATOMIC_REQUIREMENT_PROOF
M3-047,docs/Actifs/01_Cahiers_des_charges/SMART_AO_CAHIER_DIRECTEUR_METIER_MASTER_v3.1.md,5263,M3-047 — 8.1 Objectif,m3-047,F11|F20|F26,MANUAL_SCOPE_DISPOSITION,SCOPE_OR_GOVERNANCE_NOT_ATOMIC_REQUIREMENT_PROOF
M3-048,docs/Actifs/01_Cahiers_des_charges/SMART_AO_CAHIER_DIRECTEUR_METIER_MASTER_v3.1.md,5268,M3-048 — 8.2 Chaîne,m3-048,F11|F20|F26,MANUAL_SCOPE_DISPOSITION,SCOPE_OR_GOVERNANCE_NOT_ATOMIC_REQUIREMENT_PROOF
M3-049,docs/Actifs/01_Cahiers_des_charges/SMART_AO_CAHIER_DIRECTEUR_METIER_MASTER_v3.1.md,5284,M3-049 — 8.3 Sortie,m3-049,F11|F20|F26,MANUAL_SCOPE_DISPOSITION,SCOPE_OR_GOVERNANCE_NOT_ATOMIC_REQUIREMENT_PROOF
M3-050,docs/Actifs/01_Cahiers_des_charges/SMART_AO_CAHIER_DIRECTEUR_METIER_MASTER_v3.1.md,5299,M3-050 — 8.4 Anti-pattern,m3-050,F11|F20|F26,MANUAL_SCOPE_DISPOSITION,SCOPE_OR_GOVERNANCE_NOT_ATOMIC_REQUIREMENT_PROOF
M3-051,docs/Actifs/01_Cahiers_des_charges/SMART_AO_CAHIER_DIRECTEUR_METIER_MASTER_v3.1.md,5312,M3-051 — 9. VERTICAL B — SI NOUS GAGNONS,m3-051,F31,TITLE_THEME,THEMATIC_INDEX_NOT_ATOMIC_REQUIREMENT_PROOF
M3-052,docs/Actifs/01_Cahiers_des_charges/SMART_AO_CAHIER_DIRECTEUR_METIER_MASTER_v3.1.md,5315,M3-052 — 9.1 Objectif,m3-052,F31,PARENT_THEME,THEMATIC_INDEX_NOT_ATOMIC_REQUIREMENT_PROOF
M3-053,docs/Actifs/01_Cahiers_des_charges/SMART_AO_CAHIER_DIRECTEUR_METIER_MASTER_v3.1.md,5320,M3-053 — 9.2 AwardedScope,m3-053,F31,TITLE_THEME,THEMATIC_INDEX_NOT_ATOMIC_REQUIREMENT_PROOF
M3-054,docs/Actifs/01_Cahiers_des_charges/SMART_AO_CAHIER_DIRECTEUR_METIER_MASTER_v3.1.md,5334,M3-054 — 9.3 Handover,m3-054,F31,TITLE_THEME,THEMATIC_INDEX_NOT_ATOMIC_REQUIREMENT_PROOF
M3-055,docs/Actifs/01_Cahiers_des_charges/SMART_AO_CAHIER_DIRECTEUR_METIER_MASTER_v3.1.md,5351,M3-055 — 10. VERTICAL C — QUELQUE CHOSE CHANGE,m3-055,F17,TITLE_THEME,THEMATIC_INDEX_NOT_ATOMIC_REQUIREMENT_PROOF
M3-056,docs/Actifs/01_Cahiers_des_charges/SMART_AO_CAHIER_DIRECTEUR_METIER_MASTER_v3.1.md,5354,M3-056 — 10.1 Événements,m3-056,F17,PARENT_THEME,THEMATIC_INDEX_NOT_ATOMIC_REQUIREMENT_PROOF
M3-057,docs/Actifs/01_Cahiers_des_charges/SMART_AO_CAHIER_DIRECTEUR_METIER_MASTER_v3.1.md,5376,M3-057 — 10.2 Analyse delta,m3-057,F17,PARENT_THEME,THEMATIC_INDEX_NOT_ATOMIC_REQUIREMENT_PROOF
M3-058,docs/Actifs/01_Cahiers_des_charges/SMART_AO_CAHIER_DIRECTEUR_METIER_MASTER_v3.1.md,5410,M3-058 — 10.3 Limite juridique,m3-058,F17,PARENT_THEME,THEMATIC_INDEX_NOT_ATOMIC_REQUIREMENT_PROOF
M3-059,docs/Actifs/01_Cahiers_des_charges/SMART_AO_CAHIER_DIRECTEUR_METIER_MASTER_v3.1.md,5423,M3-059 — 11. CONTRACT BASELINE & DEVIATIONS,m3-059,F11,TITLE_THEME,THEMATIC_INDEX_NOT_ATOMIC_REQUIREMENT_PROOF
M3-060,docs/Actifs/01_Cahiers_des_charges/SMART_AO_CAHIER_DIRECTEUR_METIER_MASTER_v3.1.md,5454,M3-060 — 12. RIGHTS & OBLIGATIONS,m3-060,F14,TITLE_THEME,THEMATIC_INDEX_NOT_ATOMIC_REQUIREMENT_PROOF
M3-061,docs/Actifs/01_Cahiers_des_charges/SMART_AO_CAHIER_DIRECTEUR_METIER_MASTER_v3.1.md,5457,M3-061 — 12.1 RightPreservationEvent,m3-061,F14|F44,TITLE_THEME,THEMATIC_INDEX_NOT_ATOMIC_REQUIREMENT_PROOF
M3-062,docs/Actifs/01_Cahiers_des_charges/SMART_AO_CAHIER_DIRECTEUR_METIER_MASTER_v3.1.md,5477,M3-062 — 12.2 Interdiction,m3-062,F14,PARENT_THEME,THEMATIC_INDEX_NOT_ATOMIC_REQUIREMENT_PROOF
M3-063,docs/Actifs/01_Cahiers_des_charges/SMART_AO_CAHIER_DIRECTEUR_METIER_MASTER_v3.1.md,5484,M3-063 — 13. SANCTIONS,m3-063,F16,TITLE_THEME,THEMATIC_INDEX_NOT_ATOMIC_REQUIREMENT_PROOF
M3-064,docs/Actifs/01_Cahiers_des_charges/SMART_AO_CAHIER_DIRECTEUR_METIER_MASTER_v3.1.md,5516,"M3-064 — 14. ÉCONOMIE : PRIX, MARGE, CASH ET PORTFOLIO",m3-064,F19|F22|F33|F44,TITLE_THEME,THEMATIC_INDEX_NOT_ATOMIC_REQUIREMENT_PROOF
M3-065,docs/Actifs/01_Cahiers_des_charges/SMART_AO_CAHIER_DIRECTEUR_METIER_MASTER_v3.1.md,5540,M3-065 — 15. PAYMENT / SETTLEMENT / RECEPTION,m3-065,F32|F33|F34,TITLE_THEME,THEMATIC_INDEX_NOT_ATOMIC_REQUIREMENT_PROOF
M3-066,docs/Actifs/01_Cahiers_des_charges/SMART_AO_CAHIER_DIRECTEUR_METIER_MASTER_v3.1.md,5573,M3-066 — 16. ASSURANCE / HSE / ENVIRONNEMENT,m3-066,F29,TITLE_THEME,THEMATIC_INDEX_NOT_ATOMIC_REQUIREMENT_PROOF
M3-067,docs/Actifs/01_Cahiers_des_charges/SMART_AO_CAHIER_DIRECTEUR_METIER_MASTER_v3.1.md,5576,M3-067 — Assurance,m3-067,F29,TITLE_THEME,THEMATIC_INDEX_NOT_ATOMIC_REQUIREMENT_PROOF
M3-068,docs/Actifs/01_Cahiers_des_charges/SMART_AO_CAHIER_DIRECTEUR_METIER_MASTER_v3.1.md,5589,M3-068 — HSE,m3-068,F29,TITLE_THEME,THEMATIC_INDEX_NOT_ATOMIC_REQUIREMENT_PROOF
M3-069,docs/Actifs/01_Cahiers_des_charges/SMART_AO_CAHIER_DIRECTEUR_METIER_MASTER_v3.1.md,5600,M3-069 — Environnement/social,m3-069,F29,TITLE_THEME,THEMATIC_INDEX_NOT_ATOMIC_REQUIREMENT_PROOF
M3-070,docs/Actifs/01_Cahiers_des_charges/SMART_AO_CAHIER_DIRECTEUR_METIER_MASTER_v3.1.md,5618,M3-070 — 17. ENTERPRISE MEMORY,m3-070,F03,TITLE_THEME,THEMATIC_INDEX_NOT_ATOMIC_REQUIREMENT_PROOF
M3-071,docs/Actifs/01_Cahiers_des_charges/SMART_AO_CAHIER_DIRECTEUR_METIER_MASTER_v3.1.md,5645,M3-071 — 18. REX CAUSAL,m3-071,F36|F38,TITLE_THEME,THEMATIC_INDEX_NOT_ATOMIC_REQUIREMENT_PROOF
M3-072,docs/Actifs/01_Cahiers_des_charges/SMART_AO_CAHIER_DIRECTEUR_METIER_MASTER_v3.1.md,5681,M3-072 — 19. UX V3,m3-072,F39,TITLE_THEME,THEMATIC_INDEX_NOT_ATOMIC_REQUIREMENT_PROOF
M3-073,docs/Actifs/01_Cahiers_des_charges/SMART_AO_CAHIER_DIRECTEUR_METIER_MASTER_v3.1.md,5684,M3-073 — 19.1 Les 104 surfaces restent un contrat de couverture,m3-073,F39,TITLE_THEME,THEMATIC_INDEX_NOT_ATOMIC_REQUIREMENT_PROOF
M3-074,docs/Actifs/01_Cahiers_des_charges/SMART_AO_CAHIER_DIRECTEUR_METIER_MASTER_v3.1.md,5689,M3-074 — 19.2 Surfaces prioritaires V3,m3-074,F39|F45,TITLE_THEME,THEMATIC_INDEX_NOT_ATOMIC_REQUIREMENT_PROOF
M3-075,docs/Actifs/01_Cahiers_des_charges/SMART_AO_CAHIER_DIRECTEUR_METIER_MASTER_v3.1.md,5704,M3-075 — 19.3 “Une preuve à un geste”,m3-075,F39,PARENT_THEME,THEMATIC_INDEX_NOT_ATOMIC_REQUIREMENT_PROOF
M3-076,docs/Actifs/01_Cahiers_des_charges/SMART_AO_CAHIER_DIRECTEUR_METIER_MASTER_v3.1.md,5709,M3-076 — 19.4 Navigation,m3-076,F39,TITLE_THEME,THEMATIC_INDEX_NOT_ATOMIC_REQUIREMENT_PROOF
M3-077,docs/Actifs/01_Cahiers_des_charges/SMART_AO_CAHIER_DIRECTEUR_METIER_MASTER_v3.1.md,5718,M3-077 — 20. CONFIDENTIALITÉ,m3-077,F42,TITLE_THEME,THEMATIC_INDEX_NOT_ATOMIC_REQUIREMENT_PROOF
M3-078,docs/Actifs/01_Cahiers_des_charges/SMART_AO_CAHIER_DIRECTEUR_METIER_MASTER_v3.1.md,5745,M3-078 — 21. IA ET OUTILS,m3-078,F08,MANUAL_SCOPE_DISPOSITION,SCOPE_OR_GOVERNANCE_NOT_ATOMIC_REQUIREMENT_PROOF
M3-079,docs/Actifs/01_Cahiers_des_charges/SMART_AO_CAHIER_DIRECTEUR_METIER_MASTER_v3.1.md,5769,M3-079 — 22. BENCHMARK V3,m3-079,F40,TITLE_THEME,THEMATIC_INDEX_NOT_ATOMIC_REQUIREMENT_PROOF
M3-080,docs/Actifs/01_Cahiers_des_charges/SMART_AO_CAHIER_DIRECTEUR_METIER_MASTER_v3.1.md,5774,M3-080 — Corpus,m3-080,F40,PARENT_THEME,THEMATIC_INDEX_NOT_ATOMIC_REQUIREMENT_PROOF
M3-081,docs/Actifs/01_Cahiers_des_charges/SMART_AO_CAHIER_DIRECTEUR_METIER_MASTER_v3.1.md,5779,M3-081 — Comparateurs,m3-081,F40,PARENT_THEME,THEMATIC_INDEX_NOT_ATOMIC_REQUIREMENT_PROOF
M3-082,docs/Actifs/01_Cahiers_des_charges/SMART_AO_CAHIER_DIRECTEUR_METIER_MASTER_v3.1.md,5786,M3-082 — Mesures,m3-082,F40,PARENT_THEME,THEMATIC_INDEX_NOT_ATOMIC_REQUIREMENT_PROOF
M3-083,docs/Actifs/01_Cahiers_des_charges/SMART_AO_CAHIER_DIRECTEUR_METIER_MASTER_v3.1.md,5806,M3-083 — 23. SCOPE V3 INITIAL,m3-083,F45,MANUAL_SCOPE_DISPOSITION,SCOPE_OR_GOVERNANCE_NOT_ATOMIC_REQUIREMENT_PROOF
M3-084,docs/Actifs/01_Cahiers_des_charges/SMART_AO_CAHIER_DIRECTEUR_METIER_MASTER_v3.1.md,5809,M3-084 — MUST,m3-084,F45,MANUAL_SCOPE_DISPOSITION,SCOPE_OR_GOVERNANCE_NOT_ATOMIC_REQUIREMENT_PROOF
M3-085,docs/Actifs/01_Cahiers_des_charges/SMART_AO_CAHIER_DIRECTEUR_METIER_MASTER_v3.1.md,5825,M3-085 — SHOULD,m3-085,F45,MANUAL_SCOPE_DISPOSITION,SCOPE_OR_GOVERNANCE_NOT_ATOMIC_REQUIREMENT_PROOF
M3-086,docs/Actifs/01_Cahiers_des_charges/SMART_AO_CAHIER_DIRECTEUR_METIER_MASTER_v3.1.md,5833,M3-086 — LATER,m3-086,F45,MANUAL_SCOPE_DISPOSITION,SCOPE_OR_GOVERNANCE_NOT_ATOMIC_REQUIREMENT_PROOF
M3-087,docs/Actifs/01_Cahiers_des_charges/SMART_AO_CAHIER_DIRECTEUR_METIER_MASTER_v3.1.md,5846,M3-087 — 24. INDICATEURS PRODUIT,m3-087,F40,TITLE_THEME,THEMATIC_INDEX_NOT_ATOMIC_REQUIREMENT_PROOF
M3-088,docs/Actifs/01_Cahiers_des_charges/SMART_AO_CAHIER_DIRECTEUR_METIER_MASTER_v3.1.md,5872,M3-088 — 25. CRITÈRE DE SUCCÈS V3,m3-088,F45,MANUAL_SCOPE_DISPOSITION,SCOPE_OR_GOVERNANCE_NOT_ATOMIC_REQUIREMENT_PROOF
M3-089,docs/Actifs/01_Cahiers_des_charges/SMART_AO_CAHIER_DIRECTEUR_METIER_MASTER_v3.1.md,5892,M3-089 — 26. RÈGLE DE PROMOTION,m3-089,F45,TITLE_THEME,THEMATIC_INDEX_NOT_ATOMIC_REQUIREMENT_PROOF
M3-090,docs/Actifs/01_Cahiers_des_charges/SMART_AO_CAHIER_DIRECTEUR_METIER_MASTER_v3.1.md,5916,M3-090 — 27. FORMULE DIRECTRICE,m3-090,F45,TITLE_THEME,THEMATIC_INDEX_NOT_ATOMIC_REQUIREMENT_PROOF
SMART_AO_Cahier_Directeur_Produit_Metier_OWNER_FREEZE_v3.1:L1,docs/Actifs/01_Cahiers_des_charges/SMART_AO_Cahier_Directeur_Produit_Metier_OWNER_FREEZE_v3.1.md,1,SMART AO — Product Freeze v3.1,,F45,MANUAL_SCOPE_DISPOSITION,SCOPE_OR_GOVERNANCE_NOT_ATOMIC_REQUIREMENT_PROOF
SMART_AO_Cahier_Directeur_Produit_Metier_OWNER_FREEZE_v3.1:L9,docs/Actifs/01_Cahiers_des_charges/SMART_AO_Cahier_Directeur_Produit_Metier_OWNER_FREEZE_v3.1.md,9,CONSOLIDATION V3.1 — lecture intégrale et arbitrages de compatibilité,,F08,TITLE_THEME,THEMATIC_INDEX_NOT_ATOMIC_REQUIREMENT_PROOF
PF31-01,docs/Actifs/01_Cahiers_des_charges/SMART_AO_Cahier_Directeur_Produit_Metier_OWNER_FREEZE_v3.1.md,28,PF31-01 — Produit et client,,F45,MANUAL_SCOPE_DISPOSITION,SCOPE_OR_GOVERNANCE_NOT_ATOMIC_REQUIREMENT_PROOF
PF31-02,docs/Actifs/01_Cahiers_des_charges/SMART_AO_Cahier_Directeur_Produit_Metier_OWNER_FREEZE_v3.1.md,36,PF31-02 — Différenciation à démontrer,,F45,MANUAL_SCOPE_DISPOSITION,SCOPE_OR_GOVERNANCE_NOT_ATOMIC_REQUIREMENT_PROOF
PF31-03,docs/Actifs/01_Cahiers_des_charges/SMART_AO_Cahier_Directeur_Produit_Metier_OWNER_FREEZE_v3.1.md,44,PF31-03 — Chaîne fonctionnelle obligatoire,,F38,MANUAL_SCOPE_DISPOSITION,SCOPE_OR_GOVERNANCE_NOT_ATOMIC_REQUIREMENT_PROOF
PF31-04,docs/Actifs/01_Cahiers_des_charges/SMART_AO_Cahier_Directeur_Produit_Metier_OWNER_FREEZE_v3.1.md,55,"PF31-04 — Trois verticales, dans cet ordre",,F11|F20|F26,MANUAL_SCOPE_DISPOSITION,SCOPE_OR_GOVERNANCE_NOT_ATOMIC_REQUIREMENT_PROOF
PF31-05,docs/Actifs/01_Cahiers_des_charges/SMART_AO_Cahier_Directeur_Produit_Metier_OWNER_FREEZE_v3.1.md,65,PF31-05 — Personnalisation gouvernée,,F37,TITLE_THEME,THEMATIC_INDEX_NOT_ATOMIC_REQUIREMENT_PROOF
PF31-06,docs/Actifs/01_Cahiers_des_charges/SMART_AO_Cahier_Directeur_Produit_Metier_OWNER_FREEZE_v3.1.md,75,PF31-06 — Carte d'Engagement et rôles,,F38|F39,MANUAL_SCOPE_DISPOSITION,SCOPE_OR_GOVERNANCE_NOT_ATOMIC_REQUIREMENT_PROOF
PF31-07,docs/Actifs/01_Cahiers_des_charges/SMART_AO_Cahier_Directeur_Produit_Metier_OWNER_FREEZE_v3.1.md,85,PF31-07 — Portes et états conservés,,F44,TITLE_THEME,THEMATIC_INDEX_NOT_ATOMIC_REQUIREMENT_PROOF
PF31-08,docs/Actifs/01_Cahiers_des_charges/SMART_AO_Cahier_Directeur_Produit_Metier_OWNER_FREEZE_v3.1.md,93,PF31-08 — Économie et droits,,F19,TITLE_THEME,THEMATIC_INDEX_NOT_ATOMIC_REQUIREMENT_PROOF
PF31-09,docs/Actifs/01_Cahiers_des_charges/SMART_AO_Cahier_Directeur_Produit_Metier_OWNER_FREEZE_v3.1.md,101,PF31-09 — Périmètre et reports explicites,,F44|F45,TITLE_THEME,THEMATIC_INDEX_NOT_ATOMIC_REQUIREMENT_PROOF
PF31-10,docs/Actifs/01_Cahiers_des_charges/SMART_AO_Cahier_Directeur_Produit_Metier_OWNER_FREEZE_v3.1.md,114,PF31-10 — Qualification et évolution,,F40,TITLE_THEME,THEMATIC_INDEX_NOT_ATOMIC_REQUIREMENT_PROOF
SMART_AO_Cahier_Directeur_Produit_Metier_OWNER_FREEZE_v3.1:L123,docs/Actifs/01_Cahiers_des_charges/SMART_AO_Cahier_Directeur_Produit_Metier_OWNER_FREEZE_v3.1.md,123,Contrats produit complets conservés — PF2,,F45,MANUAL_SCOPE_DISPOSITION,SCOPE_OR_GOVERNANCE_NOT_ATOMIC_REQUIREMENT_PROOF
SMART_AO_Cahier_Directeur_Produit_Metier_OWNER_FREEZE_v3.1:L127,docs/Actifs/01_Cahiers_des_charges/SMART_AO_Cahier_Directeur_Produit_Metier_OWNER_FREEZE_v3.1.md,127,Accès aux chapitres intégrés,,F39|F44,TITLE_THEME,THEMATIC_INDEX_NOT_ATOMIC_REQUIREMENT_PROOF
PF2-001,docs/Actifs/01_Cahiers_des_charges/SMART_AO_Cahier_Directeur_Produit_Metier_OWNER_FREEZE_v3.1.md,212,PF2-001 — SMART AO — Cahier directeur Produit & Métier,pf2-001,F45,MANUAL_SCOPE_DISPOSITION,SCOPE_OR_GOVERNANCE_NOT_ATOMIC_REQUIREMENT_PROOF
PF2-002,docs/Actifs/01_Cahiers_des_charges/SMART_AO_Cahier_Directeur_Produit_Metier_OWNER_FREEZE_v3.1.md,214,PF2-002 — OWNER FREEZE v2.0 — AUTORITÉ PRODUIT/MÉTIER ACTIVE,pf2-002,F45,MANUAL_SCOPE_DISPOSITION,SCOPE_OR_GOVERNANCE_NOT_ATOMIC_REQUIREMENT_PROOF
PF2-003,docs/Actifs/01_Cahiers_des_charges/SMART_AO_Cahier_Directeur_Produit_Metier_OWNER_FREEZE_v3.1.md,227,PF2-003 — 0. Objet de la réouverture,pf2-003,F45,TITLE_THEME,THEMATIC_INDEX_NOT_ATOMIC_REQUIREMENT_PROOF
PF2-004,docs/Actifs/01_Cahiers_des_charges/SMART_AO_Cahier_Directeur_Produit_Metier_OWNER_FREEZE_v3.1.md,242,"PF2-004 — 1. Vision, promesse et client initial",pf2-004,F45,TITLE_THEME,THEMATIC_INDEX_NOT_ATOMIC_REQUIREMENT_PROOF
PF2-005,docs/Actifs/01_Cahiers_des_charges/SMART_AO_Cahier_Directeur_Produit_Metier_OWNER_FREEZE_v3.1.md,245,PF2-005 — 1.1 Question fondamentale — FIGÉE v2.0,pf2-005,F45,PARENT_THEME,THEMATIC_INDEX_NOT_ATOMIC_REQUIREMENT_PROOF
PF2-006,docs/Actifs/01_Cahiers_des_charges/SMART_AO_Cahier_Directeur_Produit_Metier_OWNER_FREEZE_v3.1.md,254,PF2-006 — 1.2 Positionnement produit — FIGÉ v2.0,pf2-006,F45,TITLE_THEME,THEMATIC_INDEX_NOT_ATOMIC_REQUIREMENT_PROOF
PF2-007,docs/Actifs/01_Cahiers_des_charges/SMART_AO_Cahier_Directeur_Produit_Metier_OWNER_FREEZE_v3.1.md,263,PF2-007 — 1.3 Client initial — HÉRITÉ / MAINTENU,pf2-007,F45,PARENT_THEME,THEMATIC_INDEX_NOT_ATOMIC_REQUIREMENT_PROOF
PF2-008,docs/Actifs/01_Cahiers_des_charges/SMART_AO_Cahier_Directeur_Produit_Metier_OWNER_FREEZE_v3.1.md,274,PF2-008 — 2. Doctrine produit non négociable,pf2-008,F45,TITLE_THEME,THEMATIC_INDEX_NOT_ATOMIC_REQUIREMENT_PROOF
PF2-009,docs/Actifs/01_Cahiers_des_charges/SMART_AO_Cahier_Directeur_Produit_Metier_OWNER_FREEZE_v3.1.md,296,"PF2-009 — 3. Autorité, rôles et confidentialité",pf2-009,F42,TITLE_THEME,THEMATIC_INDEX_NOT_ATOMIC_REQUIREMENT_PROOF
PF2-010,docs/Actifs/01_Cahiers_des_charges/SMART_AO_Cahier_Directeur_Produit_Metier_OWNER_FREEZE_v3.1.md,299,PF2-010 — 3.1 Patron,pf2-010,F42,PARENT_THEME,THEMATIC_INDEX_NOT_ATOMIC_REQUIREMENT_PROOF
PF2-011,docs/Actifs/01_Cahiers_des_charges/SMART_AO_Cahier_Directeur_Produit_Metier_OWNER_FREEZE_v3.1.md,304,PF2-011 — 3.2 Collaborateur / Responsable,pf2-011,F42,PARENT_THEME,THEMATIC_INDEX_NOT_ATOMIC_REQUIREMENT_PROOF
PF2-012,docs/Actifs/01_Cahiers_des_charges/SMART_AO_Cahier_Directeur_Produit_Metier_OWNER_FREEZE_v3.1.md,309,PF2-012 — 3.3 Experts,pf2-012,F42,PARENT_THEME,THEMATIC_INDEX_NOT_ATOMIC_REQUIREMENT_PROOF
PF2-013,docs/Actifs/01_Cahiers_des_charges/SMART_AO_Cahier_Directeur_Produit_Metier_OWNER_FREEZE_v3.1.md,314,PF2-013 — 3.4 Administrateur / Support / Tiers,pf2-013,F44,TITLE_THEME,THEMATIC_INDEX_NOT_ATOMIC_REQUIREMENT_PROOF
PF2-014,docs/Actifs/01_Cahiers_des_charges/SMART_AO_Cahier_Directeur_Produit_Metier_OWNER_FREEZE_v3.1.md,319,PF2-014 — 3.5 Contrat d’une décision critique,pf2-014,F42,PARENT_THEME,THEMATIC_INDEX_NOT_ATOMIC_REQUIREMENT_PROOF
PF2-015,docs/Actifs/01_Cahiers_des_charges/SMART_AO_Cahier_Directeur_Produit_Metier_OWNER_FREEZE_v3.1.md,326,PF2-015 — 4. Objets métier de premier rang,pf2-015,F45,TITLE_THEME,THEMATIC_INDEX_NOT_ATOMIC_REQUIREMENT_PROOF
PF2-016,docs/Actifs/01_Cahiers_des_charges/SMART_AO_Cahier_Directeur_Produit_Metier_OWNER_FREEZE_v3.1.md,331,PF2-016 — 4.1 Objets historiques maintenus,pf2-016,F45,TITLE_THEME,THEMATIC_INDEX_NOT_ATOMIC_REQUIREMENT_PROOF
PF2-017,docs/Actifs/01_Cahiers_des_charges/SMART_AO_Cahier_Directeur_Produit_Metier_OWNER_FREEZE_v3.1.md,336,PF2-017 — 4.2 Nouveaux contrats produit v2.0,pf2-017,F39,TITLE_THEME,THEMATIC_INDEX_NOT_ATOMIC_REQUIREMENT_PROOF
PF2-018,docs/Actifs/01_Cahiers_des_charges/SMART_AO_Cahier_Directeur_Produit_Metier_OWNER_FREEZE_v3.1.md,339,PF2-018 — A. Carte d’Engagement de l’Affaire,pf2-018,F39,PARENT_THEME,THEMATIC_INDEX_NOT_ATOMIC_REQUIREMENT_PROOF
PF2-019,docs/Actifs/01_Cahiers_des_charges/SMART_AO_Cahier_Directeur_Produit_Metier_OWNER_FREEZE_v3.1.md,343,PF2-019 — B. `REGULATORY_PROFILE`,pf2-019,F12,TITLE_THEME,THEMATIC_INDEX_NOT_ATOMIC_REQUIREMENT_PROOF
PF2-020,docs/Actifs/01_Cahiers_des_charges/SMART_AO_Cahier_Directeur_Produit_Metier_OWNER_FREEZE_v3.1.md,347,PF2-020 — C. Règle réglementaire vivante,pf2-020,F12,TITLE_THEME,THEMATIC_INDEX_NOT_ATOMIC_REQUIREMENT_PROOF
PF2-021,docs/Actifs/01_Cahiers_des_charges/SMART_AO_Cahier_Directeur_Produit_Metier_OWNER_FREEZE_v3.1.md,351,PF2-021 — D. Baseline contractuelle et dérogation,pf2-021,F11,TITLE_THEME,THEMATIC_INDEX_NOT_ATOMIC_REQUIREMENT_PROOF
PF2-022,docs/Actifs/01_Cahiers_des_charges/SMART_AO_Cahier_Directeur_Produit_Metier_OWNER_FREEZE_v3.1.md,355,PF2-022 — E. `CONTRACTUAL_SANCTION`,pf2-022,F16,TITLE_THEME,THEMATIC_INDEX_NOT_ATOMIC_REQUIREMENT_PROOF
PF2-023,docs/Actifs/01_Cahiers_des_charges/SMART_AO_Cahier_Directeur_Produit_Metier_OWNER_FREEZE_v3.1.md,359,PF2-023 — F. `RIGHT_PRESERVATION_EVENT`,pf2-023,F44,TITLE_THEME,THEMATIC_INDEX_NOT_ATOMIC_REQUIREMENT_PROOF
PF2-024,docs/Actifs/01_Cahiers_des_charges/SMART_AO_Cahier_Directeur_Produit_Metier_OWNER_FREEZE_v3.1.md,363,PF2-024 — G. Modification / ordre de service,pf2-024,F17,TITLE_THEME,THEMATIC_INDEX_NOT_ATOMIC_REQUIREMENT_PROOF
PF2-025,docs/Actifs/01_Cahiers_des_charges/SMART_AO_Cahier_Directeur_Produit_Metier_OWNER_FREEZE_v3.1.md,367,PF2-025 — H. Règlement des comptes / réception / DGD,pf2-025,F12|F32|F34,TITLE_THEME,THEMATIC_INDEX_NOT_ATOMIC_REQUIREMENT_PROOF
PF2-026,docs/Actifs/01_Cahiers_des_charges/SMART_AO_Cahier_Directeur_Produit_Metier_OWNER_FREEZE_v3.1.md,371,PF2-026 — I. Exposition de résiliation / substitution,pf2-026,F34,TITLE_THEME,THEMATIC_INDEX_NOT_ATOMIC_REQUIREMENT_PROOF
PF2-027,docs/Actifs/01_Cahiers_des_charges/SMART_AO_Cahier_Directeur_Produit_Metier_OWNER_FREEZE_v3.1.md,375,PF2-027 — J. Évaluation assurance/prestation,pf2-027,F29,TITLE_THEME,THEMATIC_INDEX_NOT_ATOMIC_REQUIREMENT_PROOF
PF2-028,docs/Actifs/01_Cahiers_des_charges/SMART_AO_Cahier_Directeur_Produit_Metier_OWNER_FREEZE_v3.1.md,379,PF2-028 — K. Prérequis d’exécution,pf2-028,F39,PARENT_THEME,THEMATIC_INDEX_NOT_ATOMIC_REQUIREMENT_PROOF
PF2-029,docs/Actifs/01_Cahiers_des_charges/SMART_AO_Cahier_Directeur_Produit_Metier_OWNER_FREEZE_v3.1.md,383,PF2-029 — L. Engagement mesurable,pf2-029,F27,TITLE_THEME,THEMATIC_INDEX_NOT_ATOMIC_REQUIREMENT_PROOF
PF2-030,docs/Actifs/01_Cahiers_des_charges/SMART_AO_Cahier_Directeur_Produit_Metier_OWNER_FREEZE_v3.1.md,387,PF2-030 — M. Circuit de paiement,pf2-030,F33,TITLE_THEME,THEMATIC_INDEX_NOT_ATOMIC_REQUIREMENT_PROOF
PF2-031,docs/Actifs/01_Cahiers_des_charges/SMART_AO_Cahier_Directeur_Produit_Metier_OWNER_FREEZE_v3.1.md,391,PF2-031 — N. Obligation post-réception,pf2-031,F32,TITLE_THEME,THEMATIC_INDEX_NOT_ATOMIC_REQUIREMENT_PROOF
PF2-032,docs/Actifs/01_Cahiers_des_charges/SMART_AO_Cahier_Directeur_Produit_Metier_OWNER_FREEZE_v3.1.md,395,PF2-032 — O. Dépendance tierce,pf2-032,F44,TITLE_THEME,THEMATIC_INDEX_NOT_ATOMIC_REQUIREMENT_PROOF
PF2-033,docs/Actifs/01_Cahiers_des_charges/SMART_AO_Cahier_Directeur_Produit_Metier_OWNER_FREEZE_v3.1.md,401,"PF2-033 — 5. Cycle P0–P7 — portes maintenues, critères enrichis",pf2-033,F31|F44,TITLE_THEME,THEMATIC_INDEX_NOT_ATOMIC_REQUIREMENT_PROOF
PF2-034,docs/Actifs/01_Cahiers_des_charges/SMART_AO_Cahier_Directeur_Produit_Metier_OWNER_FREEZE_v3.1.md,406,PF2-034 — P0 — Cibler,pf2-034,F04|F45,TITLE_THEME,THEMATIC_INDEX_NOT_ATOMIC_REQUIREMENT_PROOF
PF2-035,docs/Actifs/01_Cahiers_des_charges/SMART_AO_Cahier_Directeur_Produit_Metier_OWNER_FREEZE_v3.1.md,411,PF2-035 — P1 — Ouvrir,pf2-035,F04,TITLE_THEME,THEMATIC_INDEX_NOT_ATOMIC_REQUIREMENT_PROOF
PF2-036,docs/Actifs/01_Cahiers_des_charges/SMART_AO_Cahier_Directeur_Produit_Metier_OWNER_FREEZE_v3.1.md,416,PF2-036 — P2 — GO de principe,pf2-036,F26|F45,TITLE_THEME,THEMATIC_INDEX_NOT_ATOMIC_REQUIREMENT_PROOF
PF2-037,docs/Actifs/01_Cahiers_des_charges/SMART_AO_Cahier_Directeur_Produit_Metier_OWNER_FREEZE_v3.1.md,421,PF2-037 — P3 — GO économique,pf2-037,F19|F26,TITLE_THEME,THEMATIC_INDEX_NOT_ATOMIC_REQUIREMENT_PROOF
PF2-038,docs/Actifs/01_Cahiers_des_charges/SMART_AO_Cahier_Directeur_Produit_Metier_OWNER_FREEZE_v3.1.md,426,PF2-038 — P4 — Autoriser l’offre,pf2-038,F26|F27,TITLE_THEME,THEMATIC_INDEX_NOT_ATOMIC_REQUIREMENT_PROOF
PF2-039,docs/Actifs/01_Cahiers_des_charges/SMART_AO_Cahier_Directeur_Produit_Metier_OWNER_FREEZE_v3.1.md,431,PF2-039 — P5 — Autoriser le dépôt,pf2-039,F30,TITLE_THEME,THEMATIC_INDEX_NOT_ATOMIC_REQUIREMENT_PROOF
PF2-040,docs/Actifs/01_Cahiers_des_charges/SMART_AO_Cahier_Directeur_Produit_Metier_OWNER_FREEZE_v3.1.md,436,PF2-040 — P6 — Accepter clarification/négociation/mise au point,pf2-040,F31,TITLE_THEME,THEMATIC_INDEX_NOT_ATOMIC_REQUIREMENT_PROOF
PF2-041,docs/Actifs/01_Cahiers_des_charges/SMART_AO_Cahier_Directeur_Produit_Metier_OWNER_FREEZE_v3.1.md,441,PF2-041 — P7 — Lancer l’exécution,pf2-041,F31,TITLE_THEME,THEMATIC_INDEX_NOT_ATOMIC_REQUIREMENT_PROOF
PF2-042,docs/Actifs/01_Cahiers_des_charges/SMART_AO_Cahier_Directeur_Produit_Metier_OWNER_FREEZE_v3.1.md,448,PF2-042 — 6. Carte d’Engagement de l’Affaire — sortie Patron centrale,pf2-042,F38|F39,MANUAL_SCOPE_DISPOSITION,SCOPE_OR_GOVERNANCE_NOT_ATOMIC_REQUIREMENT_PROOF
PF2-043,docs/Actifs/01_Cahiers_des_charges/SMART_AO_Cahier_Directeur_Produit_Metier_OWNER_FREEZE_v3.1.md,453,PF2-043 — 6.1 Douze axes obligatoires,pf2-043,F38|F39,MANUAL_SCOPE_DISPOSITION,SCOPE_OR_GOVERNANCE_NOT_ATOMIC_REQUIREMENT_PROOF
PF2-044,docs/Actifs/01_Cahiers_des_charges/SMART_AO_Cahier_Directeur_Produit_Metier_OWNER_FREEZE_v3.1.md,469,PF2-044 — 6.2 Anatomie d’une ligne,pf2-044,F38|F39,MANUAL_SCOPE_DISPOSITION,SCOPE_OR_GOVERNANCE_NOT_ATOMIC_REQUIREMENT_PROOF
PF2-045,docs/Actifs/01_Cahiers_des_charges/SMART_AO_Cahier_Directeur_Produit_Metier_OWNER_FREEZE_v3.1.md,474,PF2-045 — 6.3 Interdiction du score opaque,pf2-045,F38|F39,MANUAL_SCOPE_DISPOSITION,SCOPE_OR_GOVERNANCE_NOT_ATOMIC_REQUIREMENT_PROOF
PF2-046,docs/Actifs/01_Cahiers_des_charges/SMART_AO_Cahier_Directeur_Produit_Metier_OWNER_FREEZE_v3.1.md,479,PF2-046 — 6.4 GO sous conditions,pf2-046,F26,TITLE_THEME,THEMATIC_INDEX_NOT_ATOMIC_REQUIREMENT_PROOF
PF2-047,docs/Actifs/01_Cahiers_des_charges/SMART_AO_Cahier_Directeur_Produit_Metier_OWNER_FREEZE_v3.1.md,486,"PF2-047 — 7. DCE, documents, preuves et rectificatifs",pf2-047,F09|F07,MANUAL_SCOPE_DISPOSITION,SCOPE_OR_GOVERNANCE_NOT_ATOMIC_REQUIREMENT_PROOF
PF2-048,docs/Actifs/01_Cahiers_des_charges/SMART_AO_Cahier_Directeur_Produit_Metier_OWNER_FREEZE_v3.1.md,502,PF2-048 — 8. Applicabilité réglementaire et veille,pf2-048,F04|F12,TITLE_THEME,THEMATIC_INDEX_NOT_ATOMIC_REQUIREMENT_PROOF
PF2-049,docs/Actifs/01_Cahiers_des_charges/SMART_AO_Cahier_Directeur_Produit_Metier_OWNER_FREEZE_v3.1.md,519,"PF2-049 — 9. Analyse technique, MIRP, constructibilité et interfaces",pf2-049,F09|F28,TITLE_THEME,THEMATIC_INDEX_NOT_ATOMIC_REQUIREMENT_PROOF
PF2-050,docs/Actifs/01_Cahiers_des_charges/SMART_AO_Cahier_Directeur_Produit_Metier_OWNER_FREEZE_v3.1.md,522,PF2-050 — 9.1 Traduction chantier,pf2-050,F09|F28,PARENT_THEME,THEMATIC_INDEX_NOT_ATOMIC_REQUIREMENT_PROOF
PF2-051,docs/Actifs/01_Cahiers_des_charges/SMART_AO_Cahier_Directeur_Produit_Metier_OWNER_FREEZE_v3.1.md,529,PF2-051 — 9.2 MIRP,pf2-051,F28,TITLE_THEME,THEMATIC_INDEX_NOT_ATOMIC_REQUIREMENT_PROOF
PF2-052,docs/Actifs/01_Cahiers_des_charges/SMART_AO_Cahier_Directeur_Produit_Metier_OWNER_FREEZE_v3.1.md,534,PF2-052 — 9.3 Interfaces,pf2-052,F28,TITLE_THEME,THEMATIC_INDEX_NOT_ATOMIC_REQUIREMENT_PROOF
PF2-053,docs/Actifs/01_Cahiers_des_charges/SMART_AO_Cahier_Directeur_Produit_Metier_OWNER_FREEZE_v3.1.md,539,PF2-053 — 9.4 Constructibilité,pf2-053,F28,TITLE_THEME,THEMATIC_INDEX_NOT_ATOMIC_REQUIREMENT_PROOF
PF2-054,docs/Actifs/01_Cahiers_des_charges/SMART_AO_Cahier_Directeur_Produit_Metier_OWNER_FREEZE_v3.1.md,546,"PF2-054 — 10. Économie, prix, cash et capacité",pf2-054,F19|F21|F33,TITLE_THEME,THEMATIC_INDEX_NOT_ATOMIC_REQUIREMENT_PROOF
PF2-055,docs/Actifs/01_Cahiers_des_charges/SMART_AO_Cahier_Directeur_Produit_Metier_OWNER_FREEZE_v3.1.md,549,PF2-055 — 10.1 Quatre vues économiques,pf2-055,F19,TITLE_THEME,THEMATIC_INDEX_NOT_ATOMIC_REQUIREMENT_PROOF
PF2-056,docs/Actifs/01_Cahiers_des_charges/SMART_AO_Cahier_Directeur_Produit_Metier_OWNER_FREEZE_v3.1.md,557,PF2-056 — 10.2 Prix et révision,pf2-056,F19|F45,TITLE_THEME,THEMATIC_INDEX_NOT_ATOMIC_REQUIREMENT_PROOF
PF2-057,docs/Actifs/01_Cahiers_des_charges/SMART_AO_Cahier_Directeur_Produit_Metier_OWNER_FREEZE_v3.1.md,562,PF2-057 — 10.3 Capacité,pf2-057,F21,TITLE_THEME,THEMATIC_INDEX_NOT_ATOMIC_REQUIREMENT_PROOF
PF2-058,docs/Actifs/01_Cahiers_des_charges/SMART_AO_Cahier_Directeur_Produit_Metier_OWNER_FREEZE_v3.1.md,567,PF2-058 — 10.4 Portefeuille,pf2-058,F22|F44,TITLE_THEME,THEMATIC_INDEX_NOT_ATOMIC_REQUIREMENT_PROOF
PF2-059,docs/Actifs/01_Cahiers_des_charges/SMART_AO_Cahier_Directeur_Produit_Metier_OWNER_FREEZE_v3.1.md,574,"PF2-059 — 11. Partenaires, sous-traitance et groupements",pf2-059,F23,TITLE_THEME,THEMATIC_INDEX_NOT_ATOMIC_REQUIREMENT_PROOF
PF2-060,docs/Actifs/01_Cahiers_des_charges/SMART_AO_Cahier_Directeur_Produit_Metier_OWNER_FREEZE_v3.1.md,587,"PF2-060 — 12. Contrat applicable, dérogations et exposition",pf2-060,F11,TITLE_THEME,THEMATIC_INDEX_NOT_ATOMIC_REQUIREMENT_PROOF
PF2-061,docs/Actifs/01_Cahiers_des_charges/SMART_AO_Cahier_Directeur_Produit_Metier_OWNER_FREEZE_v3.1.md,590,PF2-061 — 12.1 Reconstruire le contrat,pf2-061,F11,PARENT_THEME,THEMATIC_INDEX_NOT_ATOMIC_REQUIREMENT_PROOF
PF2-062,docs/Actifs/01_Cahiers_des_charges/SMART_AO_Cahier_Directeur_Produit_Metier_OWNER_FREEZE_v3.1.md,597,PF2-062 — 12.2 Dérogations,pf2-062,F11,TITLE_THEME,THEMATIC_INDEX_NOT_ATOMIC_REQUIREMENT_PROOF
PF2-063,docs/Actifs/01_Cahiers_des_charges/SMART_AO_Cahier_Directeur_Produit_Metier_OWNER_FREEZE_v3.1.md,606,PF2-063 — 12.3 Pénalités et sanctions,pf2-063,F16,TITLE_THEME,THEMATIC_INDEX_NOT_ATOMIC_REQUIREMENT_PROOF
PF2-064,docs/Actifs/01_Cahiers_des_charges/SMART_AO_Cahier_Directeur_Produit_Metier_OWNER_FREEZE_v3.1.md,613,PF2-064 — 12.4 Préservation des droits,pf2-064,F14,TITLE_THEME,THEMATIC_INDEX_NOT_ATOMIC_REQUIREMENT_PROOF
PF2-065,docs/Actifs/01_Cahiers_des_charges/SMART_AO_Cahier_Directeur_Produit_Metier_OWNER_FREEZE_v3.1.md,618,PF2-065 — 12.5 OS / modifications / travaux supplémentaires,pf2-065,F17|F39,TITLE_THEME,THEMATIC_INDEX_NOT_ATOMIC_REQUIREMENT_PROOF
PF2-066,docs/Actifs/01_Cahiers_des_charges/SMART_AO_Cahier_Directeur_Produit_Metier_OWNER_FREEZE_v3.1.md,623,PF2-066 — 12.6 Résiliation / substitution,pf2-066,F34,TITLE_THEME,THEMATIC_INDEX_NOT_ATOMIC_REQUIREMENT_PROOF
PF2-067,docs/Actifs/01_Cahiers_des_charges/SMART_AO_Cahier_Directeur_Produit_Metier_OWNER_FREEZE_v3.1.md,628,PF2-067 — 12.7 Réception / règlement / DGD,pf2-067,F12|F32|F34,TITLE_THEME,THEMATIC_INDEX_NOT_ATOMIC_REQUIREMENT_PROOF
PF2-068,docs/Actifs/01_Cahiers_des_charges/SMART_AO_Cahier_Directeur_Produit_Metier_OWNER_FREEZE_v3.1.md,635,"PF2-068 — 13. Assurance, HSE, environnement et obligations mesurables",pf2-068,F29,TITLE_THEME,THEMATIC_INDEX_NOT_ATOMIC_REQUIREMENT_PROOF
PF2-069,docs/Actifs/01_Cahiers_des_charges/SMART_AO_Cahier_Directeur_Produit_Metier_OWNER_FREEZE_v3.1.md,638,PF2-069 — 13.1 Assurance,pf2-069,F29,TITLE_THEME,THEMATIC_INDEX_NOT_ATOMIC_REQUIREMENT_PROOF
PF2-070,docs/Actifs/01_Cahiers_des_charges/SMART_AO_Cahier_Directeur_Produit_Metier_OWNER_FREEZE_v3.1.md,643,PF2-070 — 13.2 HSE / prérequis d'exécution,pf2-070,F29,TITLE_THEME,THEMATIC_INDEX_NOT_ATOMIC_REQUIREMENT_PROOF
PF2-071,docs/Actifs/01_Cahiers_des_charges/SMART_AO_Cahier_Directeur_Produit_Metier_OWNER_FREEZE_v3.1.md,648,PF2-071 — 13.3 Environnement et social,pf2-071,F29,TITLE_THEME,THEMATIC_INDEX_NOT_ATOMIC_REQUIREMENT_PROOF
PF2-072,docs/Actifs/01_Cahiers_des_charges/SMART_AO_Cahier_Directeur_Produit_Metier_OWNER_FREEZE_v3.1.md,653,PF2-072 — 13.4 Déchets / PEMD / REP,pf2-072,F29,TITLE_THEME,THEMATIC_INDEX_NOT_ATOMIC_REQUIREMENT_PROOF
PF2-073,docs/Actifs/01_Cahiers_des_charges/SMART_AO_Cahier_Directeur_Produit_Metier_OWNER_FREEZE_v3.1.md,660,PF2-073 — 14. Production de l'offre et registre des engagements,pf2-073,F27,TITLE_THEME,THEMATIC_INDEX_NOT_ATOMIC_REQUIREMENT_PROOF
PF2-074,docs/Actifs/01_Cahiers_des_charges/SMART_AO_Cahier_Directeur_Produit_Metier_OWNER_FREEZE_v3.1.md,671,"PF2-074 — 15. Remise, dépôt et preuve",pf2-074,F30,TITLE_THEME,THEMATIC_INDEX_NOT_ATOMIC_REQUIREMENT_PROOF
PF2-075,docs/Actifs/01_Cahiers_des_charges/SMART_AO_Cahier_Directeur_Produit_Metier_OWNER_FREEZE_v3.1.md,687,"PF2-075 — 16. Paiement, trésorerie d'exécution et post-réception",pf2-075,F32|F33,TITLE_THEME,THEMATIC_INDEX_NOT_ATOMIC_REQUIREMENT_PROOF
PF2-076,docs/Actifs/01_Cahiers_des_charges/SMART_AO_Cahier_Directeur_Produit_Metier_OWNER_FREEZE_v3.1.md,690,PF2-076 — 16.1 Circuit de paiement,pf2-076,F33,TITLE_THEME,THEMATIC_INDEX_NOT_ATOMIC_REQUIREMENT_PROOF
PF2-077,docs/Actifs/01_Cahiers_des_charges/SMART_AO_Cahier_Directeur_Produit_Metier_OWNER_FREEZE_v3.1.md,695,PF2-077 — 16.2 Post-réception,pf2-077,F32,TITLE_THEME,THEMATIC_INDEX_NOT_ATOMIC_REQUIREMENT_PROOF
PF2-078,docs/Actifs/01_Cahiers_des_charges/SMART_AO_Cahier_Directeur_Produit_Metier_OWNER_FREEZE_v3.1.md,704,"PF2-078 — 17. Clarification, négociation, résultat et passation",pf2-078,F31,TITLE_THEME,THEMATIC_INDEX_NOT_ATOMIC_REQUIREMENT_PROOF
PF2-079,docs/Actifs/01_Cahiers_des_charges/SMART_AO_Cahier_Directeur_Produit_Metier_OWNER_FREEZE_v3.1.md,707,PF2-079 — 17.1 P6,pf2-079,F31,TITLE_THEME,THEMATIC_INDEX_NOT_ATOMIC_REQUIREMENT_PROOF
PF2-080,docs/Actifs/01_Cahiers_des_charges/SMART_AO_Cahier_Directeur_Produit_Metier_OWNER_FREEZE_v3.1.md,712,PF2-080 — 17.2 Attribution / rejet,pf2-080,F31,TITLE_THEME,THEMATIC_INDEX_NOT_ATOMIC_REQUIREMENT_PROOF
PF2-081,docs/Actifs/01_Cahiers_des_charges/SMART_AO_Cahier_Directeur_Produit_Metier_OWNER_FREEZE_v3.1.md,717,PF2-081 — 17.3 P7 / dossier de passation obligatoire,pf2-081,F31,TITLE_THEME,THEMATIC_INDEX_NOT_ATOMIC_REQUIREMENT_PROOF
PF2-082,docs/Actifs/01_Cahiers_des_charges/SMART_AO_Cahier_Directeur_Produit_Metier_OWNER_FREEZE_v3.1.md,742,PF2-082 — 18. Retour d'expérience,pf2-082,F36,TITLE_THEME,THEMATIC_INDEX_NOT_ATOMIC_REQUIREMENT_PROOF
PF2-083,docs/Actifs/01_Cahiers_des_charges/SMART_AO_Cahier_Directeur_Produit_Metier_OWNER_FREEZE_v3.1.md,753,PF2-083 — 19. UX et surfaces — impact du v2.0,pf2-083,F39,TITLE_THEME,THEMATIC_INDEX_NOT_ATOMIC_REQUIREMENT_PROOF
PF2-084,docs/Actifs/01_Cahiers_des_charges/SMART_AO_Cahier_Directeur_Produit_Metier_OWNER_FREEZE_v3.1.md,773,"PF2-084 — 20. IA, provenance et abstention",pf2-084,F06,TITLE_THEME,THEMATIC_INDEX_NOT_ATOMIC_REQUIREMENT_PROOF
PF2-085,docs/Actifs/01_Cahiers_des_charges/SMART_AO_Cahier_Directeur_Produit_Metier_OWNER_FREEZE_v3.1.md,784,PF2-085 — 21. Périmètre V1 v2.0,pf2-085,F45,TITLE_THEME,THEMATIC_INDEX_NOT_ATOMIC_REQUIREMENT_PROOF
PF2-086,docs/Actifs/01_Cahiers_des_charges/SMART_AO_Cahier_Directeur_Produit_Metier_OWNER_FREEZE_v3.1.md,787,PF2-086 — 21.1 Indispensable V1,pf2-086,F45,PARENT_THEME,THEMATIC_INDEX_NOT_ATOMIC_REQUIREMENT_PROOF
PF2-087,docs/Actifs/01_Cahiers_des_charges/SMART_AO_Cahier_Directeur_Produit_Metier_OWNER_FREEZE_v3.1.md,810,PF2-087 — 21.2 V1.x / qualification ultérieure,pf2-087,F40,TITLE_THEME,THEMATIC_INDEX_NOT_ATOMIC_REQUIREMENT_PROOF
PF2-088,docs/Actifs/01_Cahiers_des_charges/SMART_AO_Cahier_Directeur_Produit_Metier_OWNER_FREEZE_v3.1.md,822,PF2-088 — 21.3 Hors promesse sans qualification,pf2-088,F40|F45,TITLE_THEME,THEMATIC_INDEX_NOT_ATOMIC_REQUIREMENT_PROOF
PF2-089,docs/Actifs/01_Cahiers_des_charges/SMART_AO_Cahier_Directeur_Produit_Metier_OWNER_FREEZE_v3.1.md,836,PF2-089 — 22. Validations externes obligatoires,pf2-089,F40,MANUAL_SCOPE_DISPOSITION,SCOPE_OR_GOVERNANCE_NOT_ATOMIC_REQUIREMENT_PROOF
PF2-090,docs/Actifs/01_Cahiers_des_charges/SMART_AO_Cahier_Directeur_Produit_Metier_OWNER_FREEZE_v3.1.md,856,PF2-090 — 23. Recettes métier obligatoires du v2.0,pf2-090,F40,TITLE_THEME,THEMATIC_INDEX_NOT_ATOMIC_REQUIREMENT_PROOF
PF2-091,docs/Actifs/01_Cahiers_des_charges/SMART_AO_Cahier_Directeur_Produit_Metier_OWNER_FREEZE_v3.1.md,883,PF2-091 — 24. Critères de qualification métier,pf2-091,F40,TITLE_THEME,THEMATIC_INDEX_NOT_ATOMIC_REQUIREMENT_PROOF
PF2-092,docs/Actifs/01_Cahiers_des_charges/SMART_AO_Cahier_Directeur_Produit_Metier_OWNER_FREEZE_v3.1.md,908,PF2-092 — 25. Contrat de changement et traçabilité,pf2-092,F17|F45,TITLE_THEME,THEMATIC_INDEX_NOT_ATOMIC_REQUIREMENT_PROOF
PF2-093,docs/Actifs/01_Cahiers_des_charges/SMART_AO_Cahier_Directeur_Produit_Metier_OWNER_FREEZE_v3.1.md,925,PF2-093 — 26. Règle de dérivation vers Codex,pf2-093,F45,MANUAL_SCOPE_DISPOSITION,SCOPE_OR_GOVERNANCE_NOT_ATOMIC_REQUIREMENT_PROOF
PF2-094,docs/Actifs/01_Cahiers_des_charges/SMART_AO_Cahier_Directeur_Produit_Metier_OWNER_FREEZE_v3.1.md,948,PF2-094 — 27. Références normatives après promotion,pf2-094,F45,TITLE_THEME,THEMATIC_INDEX_NOT_ATOMIC_REQUIREMENT_PROOF
PF2-095,docs/Actifs/01_Cahiers_des_charges/SMART_AO_Cahier_Directeur_Produit_Metier_OWNER_FREEZE_v3.1.md,963,PF2-095 — 28. Promotion,pf2-095,F45,TITLE_THEME,THEMATIC_INDEX_NOT_ATOMIC_REQUIREMENT_PROOF
SMART_AO_CAHIER_TECHNIQUE_EXECUTION_v3.1:L1,docs/Actifs/01_Cahiers_des_charges/SMART_AO_CAHIER_TECHNIQUE_EXECUTION_v3.1.md,1,SMART AO — Cahier technique d'exécution v3.1,,F45,MANUAL_SCOPE_DISPOSITION,SCOPE_OR_GOVERNANCE_NOT_ATOMIC_REQUIREMENT_PROOF
SMART_AO_CAHIER_TECHNIQUE_EXECUTION_v3.1:L7,docs/Actifs/01_Cahiers_des_charges/SMART_AO_CAHIER_TECHNIQUE_EXECUTION_v3.1.md,7,CONSOLIDATION V3.1 — lecture intégrale et arbitrages de compatibilité,,F08,TITLE_THEME,THEMATIC_INDEX_NOT_ATOMIC_REQUIREMENT_PROOF
CT31-01,docs/Actifs/01_Cahiers_des_charges/SMART_AO_CAHIER_TECHNIQUE_EXECUTION_v3.1.md,26,"CT31-01 — AS-IS, risques et insertion",,F10,TITLE_THEME,THEMATIC_INDEX_NOT_ATOMIC_REQUIREMENT_PROOF
CT31-02,docs/Actifs/01_Cahiers_des_charges/SMART_AO_CAHIER_TECHNIQUE_EXECUTION_v3.1.md,36,CT31-02 — Relations source-backed,,F38,TITLE_THEME,THEMATIC_INDEX_NOT_ATOMIC_REQUIREMENT_PROOF
CT31-03,docs/Actifs/01_Cahiers_des_charges/SMART_AO_CAHIER_TECHNIQUE_EXECUTION_v3.1.md,44,CT31-03 — Première verticale A codable,,F11|F20|F26,MANUAL_SCOPE_DISPOSITION,SCOPE_OR_GOVERNANCE_NOT_ATOMIC_REQUIREMENT_PROOF
CT31-04,docs/Actifs/01_Cahiers_des_charges/SMART_AO_CAHIER_TECHNIQUE_EXECUTION_v3.1.md,56,"CT31-04 — Versions, invalidation et temporalité",,F38,MANUAL_SCOPE_DISPOSITION,SCOPE_OR_GOVERNANCE_NOT_ATOMIC_REQUIREMENT_PROOF
CT31-05,docs/Actifs/01_Cahiers_des_charges/SMART_AO_CAHIER_TECHNIQUE_EXECUTION_v3.1.md,62,CT31-05 — Configuration métier versionnée,,F37,TITLE_THEME,THEMATIC_INDEX_NOT_ATOMIC_REQUIREMENT_PROOF
CT31-06,docs/Actifs/01_Cahiers_des_charges/SMART_AO_CAHIER_TECHNIQUE_EXECUTION_v3.1.md,76,"CT31-06 — API, sécurité et UI",,F42|F44,TITLE_THEME,THEMATIC_INDEX_NOT_ATOMIC_REQUIREMENT_PROOF
CT31-07,docs/Actifs/01_Cahiers_des_charges/SMART_AO_CAHIER_TECHNIQUE_EXECUTION_v3.1.md,86,CT31-07 — Échéances/règles : frontière différée,,F15,MANUAL_SCOPE_DISPOSITION,SCOPE_OR_GOVERNANCE_NOT_ATOMIC_REQUIREMENT_PROOF
CT31-08,docs/Actifs/01_Cahiers_des_charges/SMART_AO_CAHIER_TECHNIQUE_EXECUTION_v3.1.md,92,CT31-08 — Migrations et compatibilité,,F41,TITLE_THEME,THEMATIC_INDEX_NOT_ATOMIC_REQUIREMENT_PROOF
CT31-09,docs/Actifs/01_Cahiers_des_charges/SMART_AO_CAHIER_TECHNIQUE_EXECUTION_v3.1.md,98,CT31-09 — Programme de preuve et rythme des gates,,F40,MANUAL_SCOPE_DISPOSITION,SCOPE_OR_GOVERNANCE_NOT_ATOMIC_REQUIREMENT_PROOF
CT31-10,docs/Actifs/01_Cahiers_des_charges/SMART_AO_CAHIER_TECHNIQUE_EXECUTION_v3.1.md,112,CT31-10 — Séquence d'exécution,,F45,MANUAL_SCOPE_DISPOSITION,SCOPE_OR_GOVERNANCE_NOT_ATOMIC_REQUIREMENT_PROOF
SMART_AO_CAHIER_TECHNIQUE_EXECUTION_v3.1:L127,docs/Actifs/01_Cahiers_des_charges/SMART_AO_CAHIER_TECHNIQUE_EXECUTION_v3.1.md,127,Contrats techniques complets conservés — CT2,,F45,MANUAL_SCOPE_DISPOSITION,SCOPE_OR_GOVERNANCE_NOT_ATOMIC_REQUIREMENT_PROOF
SMART_AO_CAHIER_TECHNIQUE_EXECUTION_v3.1:L131,docs/Actifs/01_Cahiers_des_charges/SMART_AO_CAHIER_TECHNIQUE_EXECUTION_v3.1.md,131,Accès aux chapitres intégrés,,F39|F44,TITLE_THEME,THEMATIC_INDEX_NOT_ATOMIC_REQUIREMENT_PROOF
CT2-001,docs/Actifs/01_Cahiers_des_charges/SMART_AO_CAHIER_TECHNIQUE_EXECUTION_v3.1.md,301,CT2-001 — SMART AO — CAHIER TECHNIQUE D’EXÉCUTION,ct2-001,F45,MANUAL_SCOPE_DISPOSITION,SCOPE_OR_GOVERNANCE_NOT_ATOMIC_REQUIREMENT_PROOF
CT2-002,docs/Actifs/01_Cahiers_des_charges/SMART_AO_CAHIER_TECHNIQUE_EXECUTION_v3.1.md,303,CT2-002 — v2.1 — Dérivé du MASTER métier v2.0 et du Product Freeze v2.0 actif,ct2-002,F45,MANUAL_SCOPE_DISPOSITION,SCOPE_OR_GOVERNANCE_NOT_ATOMIC_REQUIREMENT_PROOF
CT2-003,docs/Actifs/01_Cahiers_des_charges/SMART_AO_CAHIER_TECHNIQUE_EXECUTION_v3.1.md,321,"CT2-003 — 0. Mandat, statut et règle de sécurité documentaire",ct2-003,F23|F42|F45,TITLE_THEME,THEMATIC_INDEX_NOT_ATOMIC_REQUIREMENT_PROOF
CT2-004,docs/Actifs/01_Cahiers_des_charges/SMART_AO_CAHIER_TECHNIQUE_EXECUTION_v3.1.md,324,CT2-004 — 0.1 Pourquoi cette version existe,ct2-004,F23|F42|F45,PARENT_THEME,THEMATIC_INDEX_NOT_ATOMIC_REQUIREMENT_PROOF
CT2-005,docs/Actifs/01_Cahiers_des_charges/SMART_AO_CAHIER_TECHNIQUE_EXECUTION_v3.1.md,349,CT2-005 — 0.2 Règle de précédence pendant la transition,ct2-005,F45,TITLE_THEME,THEMATIC_INDEX_NOT_ATOMIC_REQUIREMENT_PROOF
CT2-006,docs/Actifs/01_Cahiers_des_charges/SMART_AO_CAHIER_TECHNIQUE_EXECUTION_v3.1.md,363,CT2-006 — 0.3 Mandat Codex — READ-ONLY / AUDIT FIRST,ct2-006,F23|F45,TITLE_THEME,THEMATIC_INDEX_NOT_ATOMIC_REQUIREMENT_PROOF
CT2-007,docs/Actifs/01_Cahiers_des_charges/SMART_AO_CAHIER_TECHNIQUE_EXECUTION_v3.1.md,382,CT2-007 — Sorties obligatoires de l’audit,ct2-007,F23|F45,PARENT_THEME,THEMATIC_INDEX_NOT_ATOMIC_REQUIREMENT_PROOF
CT2-008,docs/Actifs/01_Cahiers_des_charges/SMART_AO_CAHIER_TECHNIQUE_EXECUTION_v3.1.md,399,CT2-008 — 1. État technique de référence à préserver,ct2-008,F32|F45,TITLE_THEME,THEMATIC_INDEX_NOT_ATOMIC_REQUIREMENT_PROOF
CT2-009,docs/Actifs/01_Cahiers_des_charges/SMART_AO_CAHIER_TECHNIQUE_EXECUTION_v3.1.md,402,CT2-009 — 1.1 Architecture générale,ct2-009,F44,TITLE_THEME,THEMATIC_INDEX_NOT_ATOMIC_REQUIREMENT_PROOF
CT2-010,docs/Actifs/01_Cahiers_des_charges/SMART_AO_CAHIER_TECHNIQUE_EXECUTION_v3.1.md,417,CT2-010 — 1.2 Invariants techniques existants à ne pas affaiblir,ct2-010,F42,TITLE_THEME,THEMATIC_INDEX_NOT_ATOMIC_REQUIREMENT_PROOF
CT2-011,docs/Actifs/01_Cahiers_des_charges/SMART_AO_CAHIER_TECHNIQUE_EXECUTION_v3.1.md,434,CT2-011 — 1.3 Doctrine de modification,ct2-011,F17|F45,TITLE_THEME,THEMATIC_INDEX_NOT_ATOMIC_REQUIREMENT_PROOF
CT2-012,docs/Actifs/01_Cahiers_des_charges/SMART_AO_CAHIER_TECHNIQUE_EXECUTION_v3.1.md,453,CT2-012 — 2. Principes architecturaux non négociables v2.0,ct2-012,F39|F45,TITLE_THEME,THEMATIC_INDEX_NOT_ATOMIC_REQUIREMENT_PROOF
CT2-013,docs/Actifs/01_Cahiers_des_charges/SMART_AO_CAHIER_TECHNIQUE_EXECUTION_v3.1.md,458,CT2-013 — 2.1 Métier et preuve,ct2-013,F39|F45,PARENT_THEME,THEMATIC_INDEX_NOT_ATOMIC_REQUIREMENT_PROOF
CT2-014,docs/Actifs/01_Cahiers_des_charges/SMART_AO_CAHIER_TECHNIQUE_EXECUTION_v3.1.md,472,CT2-014 — 2.2 Temps et temporalité,ct2-014,F39|F45,PARENT_THEME,THEMATIC_INDEX_NOT_ATOMIC_REQUIREMENT_PROOF
CT2-015,docs/Actifs/01_Cahiers_des_charges/SMART_AO_CAHIER_TECHNIQUE_EXECUTION_v3.1.md,485,CT2-015 — 2.3 Exactitude financière et contractuelle,ct2-015,F39|F45,PARENT_THEME,THEMATIC_INDEX_NOT_ATOMIC_REQUIREMENT_PROOF
CT2-016,docs/Actifs/01_Cahiers_des_charges/SMART_AO_CAHIER_TECHNIQUE_EXECUTION_v3.1.md,495,CT2-016 — 2.4 Reproductibilité,ct2-016,F39|F45,PARENT_THEME,THEMATIC_INDEX_NOT_ATOMIC_REQUIREMENT_PROOF
CT2-017,docs/Actifs/01_Cahiers_des_charges/SMART_AO_CAHIER_TECHNIQUE_EXECUTION_v3.1.md,514,CT2-017 — 3. Bounded contexts et frontières v2.0,ct2-017,F44,TITLE_THEME,THEMATIC_INDEX_NOT_ATOMIC_REQUIREMENT_PROOF
CT2-018,docs/Actifs/01_Cahiers_des_charges/SMART_AO_CAHIER_TECHNIQUE_EXECUTION_v3.1.md,519,CT2-018 — 3.1 Contextes existants à conserver / enrichir,ct2-018,F44,PARENT_THEME,THEMATIC_INDEX_NOT_ATOMIC_REQUIREMENT_PROOF
CT2-019,docs/Actifs/01_Cahiers_des_charges/SMART_AO_CAHIER_TECHNIQUE_EXECUTION_v3.1.md,522,CT2-019 — Identity & Access,ct2-019,F44,PARENT_THEME,THEMATIC_INDEX_NOT_ATOMIC_REQUIREMENT_PROOF
CT2-020,docs/Actifs/01_Cahiers_des_charges/SMART_AO_CAHIER_TECHNIQUE_EXECUTION_v3.1.md,526,CT2-020 — Opportunity / Radar,ct2-020,F04|F44,TITLE_THEME,THEMATIC_INDEX_NOT_ATOMIC_REQUIREMENT_PROOF
CT2-021,docs/Actifs/01_Cahiers_des_charges/SMART_AO_CAHIER_TECHNIQUE_EXECUTION_v3.1.md,530,CT2-021 — Case / Affaire,ct2-021,F44,PARENT_THEME,THEMATIC_INDEX_NOT_ATOMIC_REQUIREMENT_PROOF
CT2-022,docs/Actifs/01_Cahiers_des_charges/SMART_AO_CAHIER_TECHNIQUE_EXECUTION_v3.1.md,534,CT2-022 — DCE & Document Intelligence,ct2-022,F44,PARENT_THEME,THEMATIC_INDEX_NOT_ATOMIC_REQUIREMENT_PROOF
CT2-023,docs/Actifs/01_Cahiers_des_charges/SMART_AO_CAHIER_TECHNIQUE_EXECUTION_v3.1.md,538,CT2-023 — Evidence & Market Understanding,ct2-023,F44,PARENT_THEME,THEMATIC_INDEX_NOT_ATOMIC_REQUIREMENT_PROOF
CT2-024,docs/Actifs/01_Cahiers_des_charges/SMART_AO_CAHIER_TECHNIQUE_EXECUTION_v3.1.md,542,CT2-024 — Enterprise Memory,ct2-024,F03,TITLE_THEME,THEMATIC_INDEX_NOT_ATOMIC_REQUIREMENT_PROOF
CT2-025,docs/Actifs/01_Cahiers_des_charges/SMART_AO_CAHIER_TECHNIQUE_EXECUTION_v3.1.md,546,CT2-025 — Decision & Governance,ct2-025,F44,PARENT_THEME,THEMATIC_INDEX_NOT_ATOMIC_REQUIREMENT_PROOF
CT2-026,docs/Actifs/01_Cahiers_des_charges/SMART_AO_CAHIER_TECHNIQUE_EXECUTION_v3.1.md,550,CT2-026 — Pricing Intelligence,ct2-026,F44,PARENT_THEME,THEMATIC_INDEX_NOT_ATOMIC_REQUIREMENT_PROOF
CT2-027,docs/Actifs/01_Cahiers_des_charges/SMART_AO_CAHIER_TECHNIQUE_EXECUTION_v3.1.md,554,CT2-027 — Response & Artifacts,ct2-027,F44,PARENT_THEME,THEMATIC_INDEX_NOT_ATOMIC_REQUIREMENT_PROOF
CT2-028,docs/Actifs/01_Cahiers_des_charges/SMART_AO_CAHIER_TECHNIQUE_EXECUTION_v3.1.md,558,CT2-028 — Submission,ct2-028,F30,TITLE_THEME,THEMATIC_INDEX_NOT_ATOMIC_REQUIREMENT_PROOF
CT2-029,docs/Actifs/01_Cahiers_des_charges/SMART_AO_CAHIER_TECHNIQUE_EXECUTION_v3.1.md,562,CT2-029 — Collaboration & Work,ct2-029,F44,PARENT_THEME,THEMATIC_INDEX_NOT_ATOMIC_REQUIREMENT_PROOF
CT2-030,docs/Actifs/01_Cahiers_des_charges/SMART_AO_CAHIER_TECHNIQUE_EXECUTION_v3.1.md,566,CT2-030 — Handover & Learning,ct2-030,F31,TITLE_THEME,THEMATIC_INDEX_NOT_ATOMIC_REQUIREMENT_PROOF
CT2-031,docs/Actifs/01_Cahiers_des_charges/SMART_AO_CAHIER_TECHNIQUE_EXECUTION_v3.1.md,570,CT2-031 — AI Runtime / Guidance,ct2-031,F44,PARENT_THEME,THEMATIC_INDEX_NOT_ATOMIC_REQUIREMENT_PROOF
CT2-032,docs/Actifs/01_Cahiers_des_charges/SMART_AO_CAHIER_TECHNIQUE_EXECUTION_v3.1.md,574,CT2-032 — Platform,ct2-032,F44,PARENT_THEME,THEMATIC_INDEX_NOT_ATOMIC_REQUIREMENT_PROOF
CT2-033,docs/Actifs/01_Cahiers_des_charges/SMART_AO_CAHIER_TECHNIQUE_EXECUTION_v3.1.md,578,CT2-033 — 3.2 Nouveau bounded context logique : Contract & Rights,ct2-033,F14|F44,TITLE_THEME,THEMATIC_INDEX_NOT_ATOMIC_REQUIREMENT_PROOF
CT2-034,docs/Actifs/01_Cahiers_des_charges/SMART_AO_CAHIER_TECHNIQUE_EXECUTION_v3.1.md,606,CT2-034 — Frontière stricte,ct2-034,F14|F44,PARENT_THEME,THEMATIC_INDEX_NOT_ATOMIC_REQUIREMENT_PROOF
CT2-035,docs/Actifs/01_Cahiers_des_charges/SMART_AO_CAHIER_TECHNIQUE_EXECUTION_v3.1.md,617,"CT2-035 — 3.3 Regulatory Knowledge — référentiel transversal, pas moteur juridique autonome",ct2-035,F12,TITLE_THEME,THEMATIC_INDEX_NOT_ATOMIC_REQUIREMENT_PROOF
CT2-036,docs/Actifs/01_Cahiers_des_charges/SMART_AO_CAHIER_TECHNIQUE_EXECUTION_v3.1.md,634,CT2-036 — 4. Modèle de données conceptuel v2.0,ct2-036,F45,MANUAL_SCOPE_DISPOSITION,SCOPE_OR_GOVERNANCE_NOT_ATOMIC_REQUIREMENT_PROOF
CT2-037,docs/Actifs/01_Cahiers_des_charges/SMART_AO_CAHIER_TECHNIQUE_EXECUTION_v3.1.md,639,CT2-037 — 4.1 Regulatory Profile,ct2-037,F12,TITLE_THEME,THEMATIC_INDEX_NOT_ATOMIC_REQUIREMENT_PROOF
CT2-038,docs/Actifs/01_Cahiers_des_charges/SMART_AO_CAHIER_TECHNIQUE_EXECUTION_v3.1.md,642,CT2-038 — `RegulatoryProfile`,ct2-038,F12,TITLE_THEME,THEMATIC_INDEX_NOT_ATOMIC_REQUIREMENT_PROOF
CT2-039,docs/Actifs/01_Cahiers_des_charges/SMART_AO_CAHIER_TECHNIQUE_EXECUTION_v3.1.md,670,CT2-039 — `RegulatoryRule`,ct2-039,F12,TITLE_THEME,THEMATIC_INDEX_NOT_ATOMIC_REQUIREMENT_PROOF
CT2-040,docs/Actifs/01_Cahiers_des_charges/SMART_AO_CAHIER_TECHNIQUE_EXECUTION_v3.1.md,692,CT2-040 — `RuleApplicabilityAssessment`,ct2-040,F12,TITLE_THEME,THEMATIC_INDEX_NOT_ATOMIC_REQUIREMENT_PROOF
CT2-041,docs/Actifs/01_Cahiers_des_charges/SMART_AO_CAHIER_TECHNIQUE_EXECUTION_v3.1.md,706,CT2-041 — 4.2 Contrat et hiérarchie,ct2-041,F13|F12,MANUAL_SCOPE_DISPOSITION,SCOPE_OR_GOVERNANCE_NOT_ATOMIC_REQUIREMENT_PROOF
CT2-042,docs/Actifs/01_Cahiers_des_charges/SMART_AO_CAHIER_TECHNIQUE_EXECUTION_v3.1.md,709,CT2-042 — `ContractBaseline`,ct2-042,F11,TITLE_THEME,THEMATIC_INDEX_NOT_ATOMIC_REQUIREMENT_PROOF
CT2-043,docs/Actifs/01_Cahiers_des_charges/SMART_AO_CAHIER_TECHNIQUE_EXECUTION_v3.1.md,722,CT2-043 — `ContractRuleReference`,ct2-043,F45,TITLE_THEME,THEMATIC_INDEX_NOT_ATOMIC_REQUIREMENT_PROOF
CT2-044,docs/Actifs/01_Cahiers_des_charges/SMART_AO_CAHIER_TECHNIQUE_EXECUTION_v3.1.md,727,CT2-044 — `ContractDeviation`,ct2-044,F11,TITLE_THEME,THEMATIC_INDEX_NOT_ATOMIC_REQUIREMENT_PROOF
CT2-045,docs/Actifs/01_Cahiers_des_charges/SMART_AO_CAHIER_TECHNIQUE_EXECUTION_v3.1.md,745,CT2-045 — Invariant,ct2-045,F42,TITLE_THEME,THEMATIC_INDEX_NOT_ATOMIC_REQUIREMENT_PROOF
CT2-046,docs/Actifs/01_Cahiers_des_charges/SMART_AO_CAHIER_TECHNIQUE_EXECUTION_v3.1.md,755,CT2-046 — 4.3 Pénalités et sanctions,ct2-046,F16,TITLE_THEME,THEMATIC_INDEX_NOT_ATOMIC_REQUIREMENT_PROOF
CT2-047,docs/Actifs/01_Cahiers_des_charges/SMART_AO_CAHIER_TECHNIQUE_EXECUTION_v3.1.md,758,CT2-047 — `ContractSanctionRule`,ct2-047,F16,TITLE_THEME,THEMATIC_INDEX_NOT_ATOMIC_REQUIREMENT_PROOF
CT2-048,docs/Actifs/01_Cahiers_des_charges/SMART_AO_CAHIER_TECHNIQUE_EXECUTION_v3.1.md,785,CT2-048 — Calculs de scénarios,ct2-048,F19,TITLE_THEME,THEMATIC_INDEX_NOT_ATOMIC_REQUIREMENT_PROOF
CT2-049,docs/Actifs/01_Cahiers_des_charges/SMART_AO_CAHIER_TECHNIQUE_EXECUTION_v3.1.md,798,CT2-049 — 4.4 Préservation des droits,ct2-049,F14,TITLE_THEME,THEMATIC_INDEX_NOT_ATOMIC_REQUIREMENT_PROOF
CT2-050,docs/Actifs/01_Cahiers_des_charges/SMART_AO_CAHIER_TECHNIQUE_EXECUTION_v3.1.md,801,CT2-050 — `RightPreservationEvent`,ct2-050,F14|F44,TITLE_THEME,THEMATIC_INDEX_NOT_ATOMIC_REQUIREMENT_PROOF
CT2-051,docs/Actifs/01_Cahiers_des_charges/SMART_AO_CAHIER_TECHNIQUE_EXECUTION_v3.1.md,840,CT2-051 — Invariants C1,ct2-051,F42,TITLE_THEME,THEMATIC_INDEX_NOT_ATOMIC_REQUIREMENT_PROOF
CT2-052,docs/Actifs/01_Cahiers_des_charges/SMART_AO_CAHIER_TECHNIQUE_EXECUTION_v3.1.md,853,"CT2-052 — 4.5 OS, modifications et travaux supplémentaires",ct2-052,F17|F39,TITLE_THEME,THEMATIC_INDEX_NOT_ATOMIC_REQUIREMENT_PROOF
CT2-053,docs/Actifs/01_Cahiers_des_charges/SMART_AO_CAHIER_TECHNIQUE_EXECUTION_v3.1.md,856,CT2-053 — `ContractChangeInstruction`,ct2-053,F17|F39,PARENT_THEME,THEMATIC_INDEX_NOT_ATOMIC_REQUIREMENT_PROOF
CT2-054,docs/Actifs/01_Cahiers_des_charges/SMART_AO_CAHIER_TECHNIQUE_EXECUTION_v3.1.md,877,"CT2-054 — 4.6 Règlement des comptes, réception et DGD",ct2-054,F12|F32|F34,TITLE_THEME,THEMATIC_INDEX_NOT_ATOMIC_REQUIREMENT_PROOF
CT2-055,docs/Actifs/01_Cahiers_des_charges/SMART_AO_CAHIER_TECHNIQUE_EXECUTION_v3.1.md,880,CT2-055 — `SettlementMilestone`,ct2-055,F34,TITLE_THEME,THEMATIC_INDEX_NOT_ATOMIC_REQUIREMENT_PROOF
CT2-056,docs/Actifs/01_Cahiers_des_charges/SMART_AO_CAHIER_TECHNIQUE_EXECUTION_v3.1.md,906,CT2-056 — 4.7 Résiliation et substitution,ct2-056,F34,TITLE_THEME,THEMATIC_INDEX_NOT_ATOMIC_REQUIREMENT_PROOF
CT2-057,docs/Actifs/01_Cahiers_des_charges/SMART_AO_CAHIER_TECHNIQUE_EXECUTION_v3.1.md,909,CT2-057 — `TerminationExposure`,ct2-057,F34,PARENT_THEME,THEMATIC_INDEX_NOT_ATOMIC_REQUIREMENT_PROOF
CT2-058,docs/Actifs/01_Cahiers_des_charges/SMART_AO_CAHIER_TECHNIQUE_EXECUTION_v3.1.md,926,CT2-058 — 4.8 Assurance,ct2-058,F29,TITLE_THEME,THEMATIC_INDEX_NOT_ATOMIC_REQUIREMENT_PROOF
CT2-059,docs/Actifs/01_Cahiers_des_charges/SMART_AO_CAHIER_TECHNIQUE_EXECUTION_v3.1.md,929,CT2-059 — `InsuranceCoverageAssessment`,ct2-059,F08,TITLE_THEME,THEMATIC_INDEX_NOT_ATOMIC_REQUIREMENT_PROOF
CT2-060,docs/Actifs/01_Cahiers_des_charges/SMART_AO_CAHIER_TECHNIQUE_EXECUTION_v3.1.md,954,CT2-060 — 4.9 HSE et prérequis d’exécution,ct2-060,F29,TITLE_THEME,THEMATIC_INDEX_NOT_ATOMIC_REQUIREMENT_PROOF
CT2-061,docs/Actifs/01_Cahiers_des_charges/SMART_AO_CAHIER_TECHNIQUE_EXECUTION_v3.1.md,957,CT2-061 — `ExecutionPrerequisite`,ct2-061,F29,PARENT_THEME,THEMATIC_INDEX_NOT_ATOMIC_REQUIREMENT_PROOF
CT2-062,docs/Actifs/01_Cahiers_des_charges/SMART_AO_CAHIER_TECHNIQUE_EXECUTION_v3.1.md,977,CT2-062 — 4.10 Engagement mesurable,ct2-062,F27,TITLE_THEME,THEMATIC_INDEX_NOT_ATOMIC_REQUIREMENT_PROOF
CT2-063,docs/Actifs/01_Cahiers_des_charges/SMART_AO_CAHIER_TECHNIQUE_EXECUTION_v3.1.md,980,CT2-063 — `MeasurableCommitment`,ct2-063,F27,TITLE_THEME,THEMATIC_INDEX_NOT_ATOMIC_REQUIREMENT_PROOF
CT2-064,docs/Actifs/01_Cahiers_des_charges/SMART_AO_CAHIER_TECHNIQUE_EXECUTION_v3.1.md,1014,CT2-064 — 4.11 Circuit de paiement,ct2-064,F33,TITLE_THEME,THEMATIC_INDEX_NOT_ATOMIC_REQUIREMENT_PROOF
CT2-065,docs/Actifs/01_Cahiers_des_charges/SMART_AO_CAHIER_TECHNIQUE_EXECUTION_v3.1.md,1017,CT2-065 — `PaymentCircuit`,ct2-065,F33,TITLE_THEME,THEMATIC_INDEX_NOT_ATOMIC_REQUIREMENT_PROOF
CT2-066,docs/Actifs/01_Cahiers_des_charges/SMART_AO_CAHIER_TECHNIQUE_EXECUTION_v3.1.md,1038,CT2-066 — 4.12 Obligations post-réception,ct2-066,F32,TITLE_THEME,THEMATIC_INDEX_NOT_ATOMIC_REQUIREMENT_PROOF
CT2-067,docs/Actifs/01_Cahiers_des_charges/SMART_AO_CAHIER_TECHNIQUE_EXECUTION_v3.1.md,1041,CT2-067 — `PostReceptionObligation`,ct2-067,F32,TITLE_THEME,THEMATIC_INDEX_NOT_ATOMIC_REQUIREMENT_PROOF
CT2-068,docs/Actifs/01_Cahiers_des_charges/SMART_AO_CAHIER_TECHNIQUE_EXECUTION_v3.1.md,1059,CT2-068 — 4.13 Autorisations et dépendances tierces,ct2-068,F44,TITLE_THEME,THEMATIC_INDEX_NOT_ATOMIC_REQUIREMENT_PROOF
CT2-069,docs/Actifs/01_Cahiers_des_charges/SMART_AO_CAHIER_TECHNIQUE_EXECUTION_v3.1.md,1062,CT2-069 — `ExternalDependency`,ct2-069,F44,PARENT_THEME,THEMATIC_INDEX_NOT_ATOMIC_REQUIREMENT_PROOF
CT2-070,docs/Actifs/01_Cahiers_des_charges/SMART_AO_CAHIER_TECHNIQUE_EXECUTION_v3.1.md,1081,CT2-070 — 5. Carte d’Engagement de l’Affaire — projection centrale Patron,ct2-070,F38|F39,MANUAL_SCOPE_DISPOSITION,SCOPE_OR_GOVERNANCE_NOT_ATOMIC_REQUIREMENT_PROOF
CT2-071,docs/Actifs/01_Cahiers_des_charges/SMART_AO_CAHIER_TECHNIQUE_EXECUTION_v3.1.md,1084,CT2-071 — 5.1 Nature,ct2-071,F38|F39,MANUAL_SCOPE_DISPOSITION,SCOPE_OR_GOVERNANCE_NOT_ATOMIC_REQUIREMENT_PROOF
CT2-072,docs/Actifs/01_Cahiers_des_charges/SMART_AO_CAHIER_TECHNIQUE_EXECUTION_v3.1.md,1104,CT2-072 — 5.2 Interdiction du score opaque,ct2-072,F38|F39,MANUAL_SCOPE_DISPOSITION,SCOPE_OR_GOVERNANCE_NOT_ATOMIC_REQUIREMENT_PROOF
CT2-073,docs/Actifs/01_Cahiers_des_charges/SMART_AO_CAHIER_TECHNIQUE_EXECUTION_v3.1.md,1122,CT2-073 — 5.3 Anatomie technique d’une ligne Patron,ct2-073,F38|F39,MANUAL_SCOPE_DISPOSITION,SCOPE_OR_GOVERNANCE_NOT_ATOMIC_REQUIREMENT_PROOF
CT2-074,docs/Actifs/01_Cahiers_des_charges/SMART_AO_CAHIER_TECHNIQUE_EXECUTION_v3.1.md,1147,CT2-074 — 5.4 GO sous conditions,ct2-074,F26,TITLE_THEME,THEMATIC_INDEX_NOT_ATOMIC_REQUIREMENT_PROOF
CT2-075,docs/Actifs/01_Cahiers_des_charges/SMART_AO_CAHIER_TECHNIQUE_EXECUTION_v3.1.md,1168,CT2-075 — 6. Applicabilité et moteur de règles sûr,ct2-075,F12,TITLE_THEME,THEMATIC_INDEX_NOT_ATOMIC_REQUIREMENT_PROOF
CT2-076,docs/Actifs/01_Cahiers_des_charges/SMART_AO_CAHIER_TECHNIQUE_EXECUTION_v3.1.md,1171,CT2-076 — 6.1 Deux moteurs à ne pas confondre,ct2-076,F39,TITLE_THEME,THEMATIC_INDEX_NOT_ATOMIC_REQUIREMENT_PROOF
CT2-077,docs/Actifs/01_Cahiers_des_charges/SMART_AO_CAHIER_TECHNIQUE_EXECUTION_v3.1.md,1174,CT2-077 — Moteur d’extraction,ct2-077,F07,TITLE_THEME,THEMATIC_INDEX_NOT_ATOMIC_REQUIREMENT_PROOF
CT2-078,docs/Actifs/01_Cahiers_des_charges/SMART_AO_CAHIER_TECHNIQUE_EXECUTION_v3.1.md,1188,CT2-078 — Moteur d’applicabilité,ct2-078,F12,TITLE_THEME,THEMATIC_INDEX_NOT_ATOMIC_REQUIREMENT_PROOF
CT2-079,docs/Actifs/01_Cahiers_des_charges/SMART_AO_CAHIER_TECHNIQUE_EXECUTION_v3.1.md,1199,CT2-079 — 6.2 DSL / règles,ct2-079,F12,PARENT_THEME,THEMATIC_INDEX_NOT_ATOMIC_REQUIREMENT_PROOF
CT2-080,docs/Actifs/01_Cahiers_des_charges/SMART_AO_CAHIER_TECHNIQUE_EXECUTION_v3.1.md,1214,CT2-080 — 6.3 Invalidation,ct2-080,F12,PARENT_THEME,THEMATIC_INDEX_NOT_ATOMIC_REQUIREMENT_PROOF
CT2-081,docs/Actifs/01_Cahiers_des_charges/SMART_AO_CAHIER_TECHNIQUE_EXECUTION_v3.1.md,1229,CT2-081 — 7. Hiérarchie contractuelle et dérogations,ct2-081,F11,TITLE_THEME,THEMATIC_INDEX_NOT_ATOMIC_REQUIREMENT_PROOF
CT2-082,docs/Actifs/01_Cahiers_des_charges/SMART_AO_CAHIER_TECHNIQUE_EXECUTION_v3.1.md,1232,CT2-082 — 7.1 Graphe de contrat,ct2-082,F38,TITLE_THEME,THEMATIC_INDEX_NOT_ATOMIC_REQUIREMENT_PROOF
CT2-083,docs/Actifs/01_Cahiers_des_charges/SMART_AO_CAHIER_TECHNIQUE_EXECUTION_v3.1.md,1246,CT2-083 — 7.2 Règle de conflit,ct2-083,F11,PARENT_THEME,THEMATIC_INDEX_NOT_ATOMIC_REQUIREMENT_PROOF
CT2-084,docs/Actifs/01_Cahiers_des_charges/SMART_AO_CAHIER_TECHNIQUE_EXECUTION_v3.1.md,1253,CT2-084 — 7.3 Dérogations,ct2-084,F11,TITLE_THEME,THEMATIC_INDEX_NOT_ATOMIC_REQUIREMENT_PROOF
CT2-085,docs/Actifs/01_Cahiers_des_charges/SMART_AO_CAHIER_TECHNIQUE_EXECUTION_v3.1.md,1276,CT2-085 — 8. Calculs déterministes critiques,ct2-085,F19|F15|F16,MANUAL_SCOPE_DISPOSITION,SCOPE_OR_GOVERNANCE_NOT_ATOMIC_REQUIREMENT_PROOF
CT2-086,docs/Actifs/01_Cahiers_des_charges/SMART_AO_CAHIER_TECHNIQUE_EXECUTION_v3.1.md,1279,CT2-086 — 8.1 Pénalités,ct2-086,F16,TITLE_THEME,THEMATIC_INDEX_NOT_ATOMIC_REQUIREMENT_PROOF
CT2-087,docs/Actifs/01_Cahiers_des_charges/SMART_AO_CAHIER_TECHNIQUE_EXECUTION_v3.1.md,1296,CT2-087 — 8.2 Prix / actualisation / révision,ct2-087,F19|F45,TITLE_THEME,THEMATIC_INDEX_NOT_ATOMIC_REQUIREMENT_PROOF
CT2-088,docs/Actifs/01_Cahiers_des_charges/SMART_AO_CAHIER_TECHNIQUE_EXECUTION_v3.1.md,1316,CT2-088 — 8.3 Délais de droits,ct2-088,F15,MANUAL_SCOPE_DISPOSITION,SCOPE_OR_GOVERNANCE_NOT_ATOMIC_REQUIREMENT_PROOF
CT2-089,docs/Actifs/01_Cahiers_des_charges/SMART_AO_CAHIER_TECHNIQUE_EXECUTION_v3.1.md,1327,CT2-089 — 8.4 Cash-flow,ct2-089,F33,TITLE_THEME,THEMATIC_INDEX_NOT_ATOMIC_REQUIREMENT_PROOF
CT2-090,docs/Actifs/01_Cahiers_des_charges/SMART_AO_CAHIER_TECHNIQUE_EXECUTION_v3.1.md,1347,CT2-090 — 8.5 Exposition portefeuille,ct2-090,F22|F44,TITLE_THEME,THEMATIC_INDEX_NOT_ATOMIC_REQUIREMENT_PROOF
CT2-091,docs/Actifs/01_Cahiers_des_charges/SMART_AO_CAHIER_TECHNIQUE_EXECUTION_v3.1.md,1364,"CT2-091 — 9. Sécurité, droits et classification des nouvelles données",ct2-091,F42,TITLE_THEME,THEMATIC_INDEX_NOT_ATOMIC_REQUIREMENT_PROOF
CT2-092,docs/Actifs/01_Cahiers_des_charges/SMART_AO_CAHIER_TECHNIQUE_EXECUTION_v3.1.md,1367,CT2-092 — 9.1 Classifications minimales,ct2-092,F42,PARENT_THEME,THEMATIC_INDEX_NOT_ATOMIC_REQUIREMENT_PROOF
CT2-093,docs/Actifs/01_Cahiers_des_charges/SMART_AO_CAHIER_TECHNIQUE_EXECUTION_v3.1.md,1381,CT2-093 — 9.2 Patron,ct2-093,F42,PARENT_THEME,THEMATIC_INDEX_NOT_ATOMIC_REQUIREMENT_PROOF
CT2-094,docs/Actifs/01_Cahiers_des_charges/SMART_AO_CAHIER_TECHNIQUE_EXECUTION_v3.1.md,1396,CT2-094 — 9.3 Collaborateur,ct2-094,F42,PARENT_THEME,THEMATIC_INDEX_NOT_ATOMIC_REQUIREMENT_PROOF
CT2-095,docs/Actifs/01_Cahiers_des_charges/SMART_AO_CAHIER_TECHNIQUE_EXECUTION_v3.1.md,1417,CT2-095 — 9.4 Experts,ct2-095,F42,PARENT_THEME,THEMATIC_INDEX_NOT_ATOMIC_REQUIREMENT_PROOF
CT2-096,docs/Actifs/01_Cahiers_des_charges/SMART_AO_CAHIER_TECHNIQUE_EXECUTION_v3.1.md,1424,CT2-096 — 9.5 Administrateur et support,ct2-096,F44,TITLE_THEME,THEMATIC_INDEX_NOT_ATOMIC_REQUIREMENT_PROOF
CT2-097,docs/Actifs/01_Cahiers_des_charges/SMART_AO_CAHIER_TECHNIQUE_EXECUTION_v3.1.md,1431,CT2-097 — 9.6 IA,ct2-097,F42,PARENT_THEME,THEMATIC_INDEX_NOT_ATOMIC_REQUIREMENT_PROOF
CT2-098,docs/Actifs/01_Cahiers_des_charges/SMART_AO_CAHIER_TECHNIQUE_EXECUTION_v3.1.md,1440,CT2-098 — 10. Contrats d’application et idempotence,ct2-098,F42,TITLE_THEME,THEMATIC_INDEX_NOT_ATOMIC_REQUIREMENT_PROOF
CT2-099,docs/Actifs/01_Cahiers_des_charges/SMART_AO_CAHIER_TECHNIQUE_EXECUTION_v3.1.md,1443,CT2-099 — 10.1 Principe,ct2-099,F45,TITLE_THEME,THEMATIC_INDEX_NOT_ATOMIC_REQUIREMENT_PROOF
CT2-100,docs/Actifs/01_Cahiers_des_charges/SMART_AO_CAHIER_TECHNIQUE_EXECUTION_v3.1.md,1450,CT2-100 — 10.2 Familles de commandes à supporter,ct2-100,F44,TITLE_THEME,THEMATIC_INDEX_NOT_ATOMIC_REQUIREMENT_PROOF
CT2-101,docs/Actifs/01_Cahiers_des_charges/SMART_AO_CAHIER_TECHNIQUE_EXECUTION_v3.1.md,1470,CT2-101 — 10.3 Rejeu,ct2-101,F42,PARENT_THEME,THEMATIC_INDEX_NOT_ATOMIC_REQUIREMENT_PROOF
CT2-102,docs/Actifs/01_Cahiers_des_charges/SMART_AO_CAHIER_TECHNIQUE_EXECUTION_v3.1.md,1482,CT2-102 — 11. Concurrence et cohérence transactionnelle,ct2-102,F42,TITLE_THEME,THEMATIC_INDEX_NOT_ATOMIC_REQUIREMENT_PROOF
CT2-103,docs/Actifs/01_Cahiers_des_charges/SMART_AO_CAHIER_TECHNIQUE_EXECUTION_v3.1.md,1485,CT2-103 — 11.1 Optimistic concurrency,ct2-103,F42,TITLE_THEME,THEMATIC_INDEX_NOT_ATOMIC_REQUIREMENT_PROOF
CT2-104,docs/Actifs/01_Cahiers_des_charges/SMART_AO_CAHIER_TECHNIQUE_EXECUTION_v3.1.md,1500,CT2-104 — 11.2 Édition concurrente,ct2-104,F40|F42,TITLE_THEME,THEMATIC_INDEX_NOT_ATOMIC_REQUIREMENT_PROOF
CT2-105,docs/Actifs/01_Cahiers_des_charges/SMART_AO_CAHIER_TECHNIQUE_EXECUTION_v3.1.md,1512,CT2-105 — 11.3 Outbox,ct2-105,F44,TITLE_THEME,THEMATIC_INDEX_NOT_ATOMIC_REQUIREMENT_PROOF
CT2-106,docs/Actifs/01_Cahiers_des_charges/SMART_AO_CAHIER_TECHNIQUE_EXECUTION_v3.1.md,1528,CT2-106 — 12. IA / RAG / règles métier — séparation stricte,ct2-106,F08,TITLE_THEME,THEMATIC_INDEX_NOT_ATOMIC_REQUIREMENT_PROOF
CT2-107,docs/Actifs/01_Cahiers_des_charges/SMART_AO_CAHIER_TECHNIQUE_EXECUTION_v3.1.md,1531,CT2-107 — 12.1 Pipeline obligatoire,ct2-107,F08,PARENT_THEME,THEMATIC_INDEX_NOT_ATOMIC_REQUIREMENT_PROOF
CT2-108,docs/Actifs/01_Cahiers_des_charges/SMART_AO_CAHIER_TECHNIQUE_EXECUTION_v3.1.md,1551,CT2-108 — 12.2 Extraction contractuelle,ct2-108,F07,TITLE_THEME,THEMATIC_INDEX_NOT_ATOMIC_REQUIREMENT_PROOF
CT2-109,docs/Actifs/01_Cahiers_des_charges/SMART_AO_CAHIER_TECHNIQUE_EXECUTION_v3.1.md,1571,CT2-109 — 12.3 Réglementation,ct2-109,F12,TITLE_THEME,THEMATIC_INDEX_NOT_ATOMIC_REQUIREMENT_PROOF
CT2-110,docs/Actifs/01_Cahiers_des_charges/SMART_AO_CAHIER_TECHNIQUE_EXECUTION_v3.1.md,1578,CT2-110 — 12.4 Génération documentaire,ct2-110,F08,PARENT_THEME,THEMATIC_INDEX_NOT_ATOMIC_REQUIREMENT_PROOF
CT2-111,docs/Actifs/01_Cahiers_des_charges/SMART_AO_CAHIER_TECHNIQUE_EXECUTION_v3.1.md,1594,"CT2-111 — 13. Document intelligence, locators et tableaux",ct2-111,F06|F39,TITLE_THEME,THEMATIC_INDEX_NOT_ATOMIC_REQUIREMENT_PROOF
CT2-112,docs/Actifs/01_Cahiers_des_charges/SMART_AO_CAHIER_TECHNIQUE_EXECUTION_v3.1.md,1597,CT2-112 — 13.1 Sources critiques,ct2-112,F06|F39,PARENT_THEME,THEMATIC_INDEX_NOT_ATOMIC_REQUIREMENT_PROOF
CT2-113,docs/Actifs/01_Cahiers_des_charges/SMART_AO_CAHIER_TECHNIQUE_EXECUTION_v3.1.md,1617,CT2-113 — 13.2 Locator,ct2-113,F06,TITLE_THEME,THEMATIC_INDEX_NOT_ATOMIC_REQUIREMENT_PROOF
CT2-114,docs/Actifs/01_Cahiers_des_charges/SMART_AO_CAHIER_TECHNIQUE_EXECUTION_v3.1.md,1622,CT2-114 — 13.3 Tableurs,ct2-114,F06|F39,PARENT_THEME,THEMATIC_INDEX_NOT_ATOMIC_REQUIREMENT_PROOF
CT2-115,docs/Actifs/01_Cahiers_des_charges/SMART_AO_CAHIER_TECHNIQUE_EXECUTION_v3.1.md,1640,CT2-115 — 14. Rectificatifs et invalidation ciblée,ct2-115,F45,TITLE_THEME,THEMATIC_INDEX_NOT_ATOMIC_REQUIREMENT_PROOF
CT2-116,docs/Actifs/01_Cahiers_des_charges/SMART_AO_CAHIER_TECHNIQUE_EXECUTION_v3.1.md,1659,CT2-116 — 14.1 Graphe de dépendance,ct2-116,F38|F44,TITLE_THEME,THEMATIC_INDEX_NOT_ATOMIC_REQUIREMENT_PROOF
CT2-117,docs/Actifs/01_Cahiers_des_charges/SMART_AO_CAHIER_TECHNIQUE_EXECUTION_v3.1.md,1664,CT2-117 — 14.2 Candidate invalidation,ct2-117,F45,PARENT_THEME,THEMATIC_INDEX_NOT_ATOMIC_REQUIREMENT_PROOF
CT2-118,docs/Actifs/01_Cahiers_des_charges/SMART_AO_CAHIER_TECHNIQUE_EXECUTION_v3.1.md,1676,CT2-118 — 15. Passation P7 renforcée,ct2-118,F31,TITLE_THEME,THEMATIC_INDEX_NOT_ATOMIC_REQUIREMENT_PROOF
CT2-119,docs/Actifs/01_Cahiers_des_charges/SMART_AO_CAHIER_TECHNIQUE_EXECUTION_v3.1.md,1681,CT2-119 — 15.1 Paquet minimal,ct2-119,F31,PARENT_THEME,THEMATIC_INDEX_NOT_ATOMIC_REQUIREMENT_PROOF
CT2-120,docs/Actifs/01_Cahiers_des_charges/SMART_AO_CAHIER_TECHNIQUE_EXECUTION_v3.1.md,1702,CT2-120 — 15.2 Acceptation,ct2-120,F31,PARENT_THEME,THEMATIC_INDEX_NOT_ATOMIC_REQUIREMENT_PROOF
CT2-121,docs/Actifs/01_Cahiers_des_charges/SMART_AO_CAHIER_TECHNIQUE_EXECUTION_v3.1.md,1717,CT2-121 — 16. Frontend / UX — impacts obligatoires,ct2-121,F20|F39,TITLE_THEME,THEMATIC_INDEX_NOT_ATOMIC_REQUIREMENT_PROOF
CT2-122,docs/Actifs/01_Cahiers_des_charges/SMART_AO_CAHIER_TECHNIQUE_EXECUTION_v3.1.md,1722,CT2-122 — 16.1 C05 — À résoudre,ct2-122,F20|F39,PARENT_THEME,THEMATIC_INDEX_NOT_ATOMIC_REQUIREMENT_PROOF
CT2-123,docs/Actifs/01_Cahiers_des_charges/SMART_AO_CAHIER_TECHNIQUE_EXECUTION_v3.1.md,1737,CT2-123 — 16.2 C07 — Décision,ct2-123,F20|F39,PARENT_THEME,THEMATIC_INDEX_NOT_ATOMIC_REQUIREMENT_PROOF
CT2-124,docs/Actifs/01_Cahiers_des_charges/SMART_AO_CAHIER_TECHNIQUE_EXECUTION_v3.1.md,1749,CT2-124 — 16.3 C08 — Prix,ct2-124,F19,TITLE_THEME,THEMATIC_INDEX_NOT_ATOMIC_REQUIREMENT_PROOF
CT2-125,docs/Actifs/01_Cahiers_des_charges/SMART_AO_CAHIER_TECHNIQUE_EXECUTION_v3.1.md,1762,CT2-125 — 16.4 C10 — Réponse,ct2-125,F20|F39,PARENT_THEME,THEMATIC_INDEX_NOT_ATOMIC_REQUIREMENT_PROOF
CT2-126,docs/Actifs/01_Cahiers_des_charges/SMART_AO_CAHIER_TECHNIQUE_EXECUTION_v3.1.md,1773,CT2-126 — 16.5 C12 — Résultat et passation,ct2-126,F31,TITLE_THEME,THEMATIC_INDEX_NOT_ATOMIC_REQUIREMENT_PROOF
CT2-127,docs/Actifs/01_Cahiers_des_charges/SMART_AO_CAHIER_TECHNIQUE_EXECUTION_v3.1.md,1785,CT2-127 — 16.6 HOME Patron / Carte d’Engagement,ct2-127,F20|F39,PARENT_THEME,THEMATIC_INDEX_NOT_ATOMIC_REQUIREMENT_PROOF
CT2-128,docs/Actifs/01_Cahiers_des_charges/SMART_AO_CAHIER_TECHNIQUE_EXECUTION_v3.1.md,1794,CT2-128 — 17. APIs et projections — règles de contrat,ct2-128,F44,TITLE_THEME,THEMATIC_INDEX_NOT_ATOMIC_REQUIREMENT_PROOF
CT2-129,docs/Actifs/01_Cahiers_des_charges/SMART_AO_CAHIER_TECHNIQUE_EXECUTION_v3.1.md,1814,CT2-129 — 17.1 Projections,ct2-129,F44,PARENT_THEME,THEMATIC_INDEX_NOT_ATOMIC_REQUIREMENT_PROOF
CT2-130,docs/Actifs/01_Cahiers_des_charges/SMART_AO_CAHIER_TECHNIQUE_EXECUTION_v3.1.md,1832,CT2-130 — 18. Migrations et stratégie de données,ct2-130,F41,TITLE_THEME,THEMATIC_INDEX_NOT_ATOMIC_REQUIREMENT_PROOF
CT2-131,docs/Actifs/01_Cahiers_des_charges/SMART_AO_CAHIER_TECHNIQUE_EXECUTION_v3.1.md,1835,CT2-131 — 18.1 Règle générale,ct2-131,F41,PARENT_THEME,THEMATIC_INDEX_NOT_ATOMIC_REQUIREMENT_PROOF
CT2-132,docs/Actifs/01_Cahiers_des_charges/SMART_AO_CAHIER_TECHNIQUE_EXECUTION_v3.1.md,1851,CT2-132 — 18.2 Backfill,ct2-132,F41,PARENT_THEME,THEMATIC_INDEX_NOT_ATOMIC_REQUIREMENT_PROOF
CT2-133,docs/Actifs/01_Cahiers_des_charges/SMART_AO_CAHIER_TECHNIQUE_EXECUTION_v3.1.md,1866,CT2-133 — 18.3 Réversibilité,ct2-133,F41,PARENT_THEME,THEMATIC_INDEX_NOT_ATOMIC_REQUIREMENT_PROOF
CT2-134,docs/Actifs/01_Cahiers_des_charges/SMART_AO_CAHIER_TECHNIQUE_EXECUTION_v3.1.md,1880,CT2-134 — 19. Observabilité et audit métier,ct2-134,F43,TITLE_THEME,THEMATIC_INDEX_NOT_ATOMIC_REQUIREMENT_PROOF
CT2-135,docs/Actifs/01_Cahiers_des_charges/SMART_AO_CAHIER_TECHNIQUE_EXECUTION_v3.1.md,1883,CT2-135 — 19.1 Événements à journaliser,ct2-135,F43,PARENT_THEME,THEMATIC_INDEX_NOT_ATOMIC_REQUIREMENT_PROOF
CT2-136,docs/Actifs/01_Cahiers_des_charges/SMART_AO_CAHIER_TECHNIQUE_EXECUTION_v3.1.md,1899,CT2-136 — 19.2 Corrélation,ct2-136,F38,TITLE_THEME,THEMATIC_INDEX_NOT_ATOMIC_REQUIREMENT_PROOF
CT2-137,docs/Actifs/01_Cahiers_des_charges/SMART_AO_CAHIER_TECHNIQUE_EXECUTION_v3.1.md,1904,CT2-137 — 19.3 Métriques techniques,ct2-137,F40,TITLE_THEME,THEMATIC_INDEX_NOT_ATOMIC_REQUIREMENT_PROOF
CT2-138,docs/Actifs/01_Cahiers_des_charges/SMART_AO_CAHIER_TECHNIQUE_EXECUTION_v3.1.md,1922,CT2-138 — 20. Failure modes et reprise,ct2-138,F42,MANUAL_SCOPE_DISPOSITION,SCOPE_OR_GOVERNANCE_NOT_ATOMIC_REQUIREMENT_PROOF
CT2-139,docs/Actifs/01_Cahiers_des_charges/SMART_AO_CAHIER_TECHNIQUE_EXECUTION_v3.1.md,1925,CT2-139 — 20.1 Panne IA,ct2-139,F08,MANUAL_SCOPE_DISPOSITION,SCOPE_OR_GOVERNANCE_NOT_ATOMIC_REQUIREMENT_PROOF
CT2-140,docs/Actifs/01_Cahiers_des_charges/SMART_AO_CAHIER_TECHNIQUE_EXECUTION_v3.1.md,1934,CT2-140 — 20.2 Source réglementaire indisponible,ct2-140,F12,TITLE_THEME,THEMATIC_INDEX_NOT_ATOMIC_REQUIREMENT_PROOF
CT2-141,docs/Actifs/01_Cahiers_des_charges/SMART_AO_CAHIER_TECHNIQUE_EXECUTION_v3.1.md,1942,CT2-141 — 20.3 Import DCE partiel,ct2-141,F44,TITLE_THEME,THEMATIC_INDEX_NOT_ATOMIC_REQUIREMENT_PROOF
CT2-142,docs/Actifs/01_Cahiers_des_charges/SMART_AO_CAHIER_TECHNIQUE_EXECUTION_v3.1.md,1949,CT2-142 — 20.4 Conflit utilisateur,ct2-142,F42,MANUAL_SCOPE_DISPOSITION,SCOPE_OR_GOVERNANCE_NOT_ATOMIC_REQUIREMENT_PROOF
CT2-143,docs/Actifs/01_Cahiers_des_charges/SMART_AO_CAHIER_TECHNIQUE_EXECUTION_v3.1.md,1956,CT2-143 — 20.5 Timeout externe,ct2-143,F42,MANUAL_SCOPE_DISPOSITION,SCOPE_OR_GOVERNANCE_NOT_ATOMIC_REQUIREMENT_PROOF
CT2-144,docs/Actifs/01_Cahiers_des_charges/SMART_AO_CAHIER_TECHNIQUE_EXECUTION_v3.1.md,1965,CT2-144 — 21. Tests — contrats obligatoires,ct2-144,F40,TITLE_THEME,THEMATIC_INDEX_NOT_ATOMIC_REQUIREMENT_PROOF
CT2-145,docs/Actifs/01_Cahiers_des_charges/SMART_AO_CAHIER_TECHNIQUE_EXECUTION_v3.1.md,1970,CT2-145 — 21.1 Test matrix générale,ct2-145,F40,TITLE_THEME,THEMATIC_INDEX_NOT_ATOMIC_REQUIREMENT_PROOF
CT2-146,docs/Actifs/01_Cahiers_des_charges/SMART_AO_CAHIER_TECHNIQUE_EXECUTION_v3.1.md,1993,CT2-146 — 21.2 Recettes métier REC-29 à REC-45,ct2-146,F40,TITLE_THEME,THEMATIC_INDEX_NOT_ATOMIC_REQUIREMENT_PROOF
CT2-147,docs/Actifs/01_Cahiers_des_charges/SMART_AO_CAHIER_TECHNIQUE_EXECUTION_v3.1.md,1996,CT2-147 — REC-29 — versions contractuelles différentes,ct2-147,F40,PARENT_THEME,THEMATIC_INDEX_NOT_ATOMIC_REQUIREMENT_PROOF
CT2-148,docs/Actifs/01_Cahiers_des_charges/SMART_AO_CAHIER_TECHNIQUE_EXECUTION_v3.1.md,2001,CT2-148 — REC-30 — dérogation au régime de pénalités,ct2-148,F11|F16,TITLE_THEME,THEMATIC_INDEX_NOT_ATOMIC_REQUIREMENT_PROOF
CT2-149,docs/Actifs/01_Cahiers_des_charges/SMART_AO_CAHIER_TECHNIQUE_EXECUTION_v3.1.md,2006,CT2-149 — REC-31 — OS non valorisé,ct2-149,F40,PARENT_THEME,THEMATIC_INDEX_NOT_ATOMIC_REQUIREMENT_PROOF
CT2-150,docs/Actifs/01_Cahiers_des_charges/SMART_AO_CAHIER_TECHNIQUE_EXECUTION_v3.1.md,2011,CT2-150 — REC-32 — décompte / délai de réclamation,ct2-150,F40,PARENT_THEME,THEMATIC_INDEX_NOT_ATOMIC_REQUIREMENT_PROOF
CT2-151,docs/Actifs/01_Cahiers_des_charges/SMART_AO_CAHIER_TECHNIQUE_EXECUTION_v3.1.md,2016,CT2-151 — REC-33 — exécution aux frais et risques,ct2-151,F10|F39,TITLE_THEME,THEMATIC_INDEX_NOT_ATOMIC_REQUIREMENT_PROOF
CT2-152,docs/Actifs/01_Cahiers_des_charges/SMART_AO_CAHIER_TECHNIQUE_EXECUTION_v3.1.md,2021,CT2-152 — REC-34 — engagement environnemental vendu,ct2-152,F29,TITLE_THEME,THEMATIC_INDEX_NOT_ATOMIC_REQUIREMENT_PROOF
CT2-153,docs/Actifs/01_Cahiers_des_charges/SMART_AO_CAHIER_TECHNIQUE_EXECUTION_v3.1.md,2026,CT2-153 — REC-35 — règle réglementaire par date/usage,ct2-153,F12,TITLE_THEME,THEMATIC_INDEX_NOT_ATOMIC_REQUIREMENT_PROOF
CT2-154,docs/Actifs/01_Cahiers_des_charges/SMART_AO_CAHIER_TECHNIQUE_EXECUTION_v3.1.md,2031,CT2-154 — REC-36 — RAT infrastructure,ct2-154,F43,TITLE_THEME,THEMATIC_INDEX_NOT_ATOMIC_REQUIREMENT_PROOF
CT2-155,docs/Actifs/01_Cahiers_des_charges/SMART_AO_CAHIER_TECHNIQUE_EXECUTION_v3.1.md,2036,CT2-155 — REC-37 — assurance hors activité déclarée,ct2-155,F29,TITLE_THEME,THEMATIC_INDEX_NOT_ATOMIC_REQUIREMENT_PROOF
CT2-156,docs/Actifs/01_Cahiers_des_charges/SMART_AO_CAHIER_TECHNIQUE_EXECUTION_v3.1.md,2041,CT2-156 — REC-38 — prérequis HSE sans ressource,ct2-156,F21|F29,TITLE_THEME,THEMATIC_INDEX_NOT_ATOMIC_REQUIREMENT_PROOF
CT2-157,docs/Actifs/01_Cahiers_des_charges/SMART_AO_CAHIER_TECHNIQUE_EXECUTION_v3.1.md,2046,CT2-157 — REC-39 — circuit de facturation public,ct2-157,F33,TITLE_THEME,THEMATIC_INDEX_NOT_ATOMIC_REQUIREMENT_PROOF
CT2-158,docs/Actifs/01_Cahiers_des_charges/SMART_AO_CAHIER_TECHNIQUE_EXECUTION_v3.1.md,2051,CT2-158 — REC-40 — règle future,ct2-158,F40,PARENT_THEME,THEMATIC_INDEX_NOT_ATOMIC_REQUIREMENT_PROOF
CT2-159,docs/Actifs/01_Cahiers_des_charges/SMART_AO_CAHIER_TECHNIQUE_EXECUTION_v3.1.md,2056,CT2-159 — REC-41 — DGD tacite sous conditions,ct2-159,F26|F34,TITLE_THEME,THEMATIC_INDEX_NOT_ATOMIC_REQUIREMENT_PROOF
CT2-160,docs/Actifs/01_Cahiers_des_charges/SMART_AO_CAHIER_TECHNIQUE_EXECUTION_v3.1.md,2061,CT2-160 — REC-42 — pénalités cumulatives,ct2-160,F16,TITLE_THEME,THEMATIC_INDEX_NOT_ATOMIC_REQUIREMENT_PROOF
CT2-161,docs/Actifs/01_Cahiers_des_charges/SMART_AO_CAHIER_TECHNIQUE_EXECUTION_v3.1.md,2066,CT2-161 — REC-43 — engagement non chiffré dans le mémoire,ct2-161,F40,PARENT_THEME,THEMATIC_INDEX_NOT_ATOMIC_REQUIREMENT_PROOF
CT2-162,docs/Actifs/01_Cahiers_des_charges/SMART_AO_CAHIER_TECHNIQUE_EXECUTION_v3.1.md,2071,CT2-162 — REC-44 — trésorerie de portefeuille,ct2-162,F22|F33|F44,TITLE_THEME,THEMATIC_INDEX_NOT_ATOMIC_REQUIREMENT_PROOF
CT2-163,docs/Actifs/01_Cahiers_des_charges/SMART_AO_CAHIER_TECHNIQUE_EXECUTION_v3.1.md,2076,CT2-163 — REC-45 — rectificatif modifiant délai ou droit,ct2-163,F40,PARENT_THEME,THEMATIC_INDEX_NOT_ATOMIC_REQUIREMENT_PROOF
CT2-164,docs/Actifs/01_Cahiers_des_charges/SMART_AO_CAHIER_TECHNIQUE_EXECUTION_v3.1.md,2081,CT2-164 — 21.3 Recettes techniques supplémentaires,ct2-164,F40,TITLE_THEME,THEMATIC_INDEX_NOT_ATOMIC_REQUIREMENT_PROOF
CT2-165,docs/Actifs/01_Cahiers_des_charges/SMART_AO_CAHIER_TECHNIQUE_EXECUTION_v3.1.md,2084,CT2-165 — TECH-CR-01 — isolation tenant,ct2-165,F42,TITLE_THEME,THEMATIC_INDEX_NOT_ATOMIC_REQUIREMENT_PROOF
CT2-166,docs/Actifs/01_Cahiers_des_charges/SMART_AO_CAHIER_TECHNIQUE_EXECUTION_v3.1.md,2089,CT2-166 — TECH-CR-02 — fuite financière par projection,ct2-166,F40,PARENT_THEME,THEMATIC_INDEX_NOT_ATOMIC_REQUIREMENT_PROOF
CT2-167,docs/Actifs/01_Cahiers_des_charges/SMART_AO_CAHIER_TECHNIQUE_EXECUTION_v3.1.md,2094,CT2-167 — TECH-CR-03 — retry deadline,ct2-167,F15,TITLE_THEME,THEMATIC_INDEX_NOT_ATOMIC_REQUIREMENT_PROOF
CT2-168,docs/Actifs/01_Cahiers_des_charges/SMART_AO_CAHIER_TECHNIQUE_EXECUTION_v3.1.md,2099,CT2-168 — TECH-CR-04 — conflit de règle,ct2-168,F40,PARENT_THEME,THEMATIC_INDEX_NOT_ATOMIC_REQUIREMENT_PROOF
CT2-169,docs/Actifs/01_Cahiers_des_charges/SMART_AO_CAHIER_TECHNIQUE_EXECUTION_v3.1.md,2104,CT2-169 — TECH-CR-05 — rectificatif DCE,ct2-169,F40,PARENT_THEME,THEMATIC_INDEX_NOT_ATOMIC_REQUIREMENT_PROOF
CT2-170,docs/Actifs/01_Cahiers_des_charges/SMART_AO_CAHIER_TECHNIQUE_EXECUTION_v3.1.md,2109,CT2-170 — TECH-CR-06 — formule ambiguë,ct2-170,F45,TITLE_THEME,THEMATIC_INDEX_NOT_ATOMIC_REQUIREMENT_PROOF
CT2-171,docs/Actifs/01_Cahiers_des_charges/SMART_AO_CAHIER_TECHNIQUE_EXECUTION_v3.1.md,2114,CT2-171 — TECH-CR-07 — prompt injection,ct2-171,F40,PARENT_THEME,THEMATIC_INDEX_NOT_ATOMIC_REQUIREMENT_PROOF
CT2-172,docs/Actifs/01_Cahiers_des_charges/SMART_AO_CAHIER_TECHNIQUE_EXECUTION_v3.1.md,2119,CT2-172 — TECH-CR-08 — clôture tâche ≠ clôture droit,ct2-172,F35,TITLE_THEME,THEMATIC_INDEX_NOT_ATOMIC_REQUIREMENT_PROOF
CT2-173,docs/Actifs/01_Cahiers_des_charges/SMART_AO_CAHIER_TECHNIQUE_EXECUTION_v3.1.md,2124,CT2-173 — TECH-CR-09 — envoi ≠ réception,ct2-173,F32,TITLE_THEME,THEMATIC_INDEX_NOT_ATOMIC_REQUIREMENT_PROOF
CT2-174,docs/Actifs/01_Cahiers_des_charges/SMART_AO_CAHIER_TECHNIQUE_EXECUTION_v3.1.md,2129,CT2-174 — TECH-CR-10 — rollback,ct2-174,F41,TITLE_THEME,THEMATIC_INDEX_NOT_ATOMIC_REQUIREMENT_PROOF
CT2-175,docs/Actifs/01_Cahiers_des_charges/SMART_AO_CAHIER_TECHNIQUE_EXECUTION_v3.1.md,2136,CT2-175 — 22. Golden DCE / corpus de qualification technique,ct2-175,F40,TITLE_THEME,THEMATIC_INDEX_NOT_ATOMIC_REQUIREMENT_PROOF
CT2-176,docs/Actifs/01_Cahiers_des_charges/SMART_AO_CAHIER_TECHNIQUE_EXECUTION_v3.1.md,2171,CT2-176 — 23. Plan de construction proposé après audit,ct2-176,F45,TITLE_THEME,THEMATIC_INDEX_NOT_ATOMIC_REQUIREMENT_PROOF
CT2-177,docs/Actifs/01_Cahiers_des_charges/SMART_AO_CAHIER_TECHNIQUE_EXECUTION_v3.1.md,2176,CT2-177 — T0 — Audit de traçabilité et caractérisation,ct2-177,F45,TITLE_THEME,THEMATIC_INDEX_NOT_ATOMIC_REQUIREMENT_PROOF
CT2-178,docs/Actifs/01_Cahiers_des_charges/SMART_AO_CAHIER_TECHNIQUE_EXECUTION_v3.1.md,2190,CT2-178 — T1 — Fondation preuve/applicabilité,ct2-178,F12,TITLE_THEME,THEMATIC_INDEX_NOT_ATOMIC_REQUIREMENT_PROOF
CT2-179,docs/Actifs/01_Cahiers_des_charges/SMART_AO_CAHIER_TECHNIQUE_EXECUTION_v3.1.md,2202,CT2-179 — T2 — Contrat et dérogations,ct2-179,F11,TITLE_THEME,THEMATIC_INDEX_NOT_ATOMIC_REQUIREMENT_PROOF
CT2-180,docs/Actifs/01_Cahiers_des_charges/SMART_AO_CAHIER_TECHNIQUE_EXECUTION_v3.1.md,2211,CT2-180 — T3 — Sanctions et préservation des droits,ct2-180,F14|F16,TITLE_THEME,THEMATIC_INDEX_NOT_ATOMIC_REQUIREMENT_PROOF
CT2-181,docs/Actifs/01_Cahiers_des_charges/SMART_AO_CAHIER_TECHNIQUE_EXECUTION_v3.1.md,2223,CT2-181 — T4 — OS / modifications / règlement des comptes,ct2-181,F12|F17|F34,TITLE_THEME,THEMATIC_INDEX_NOT_ATOMIC_REQUIREMENT_PROOF
CT2-182,docs/Actifs/01_Cahiers_des_charges/SMART_AO_CAHIER_TECHNIQUE_EXECUTION_v3.1.md,2233,CT2-182 — T5 — Assurance / HSE / engagements / paiement,ct2-182,F29|F33,TITLE_THEME,THEMATIC_INDEX_NOT_ATOMIC_REQUIREMENT_PROOF
CT2-183,docs/Actifs/01_Cahiers_des_charges/SMART_AO_CAHIER_TECHNIQUE_EXECUTION_v3.1.md,2242,CT2-183 — T6 — Carte d’Engagement Patron,ct2-183,F45,PARENT_THEME,THEMATIC_INDEX_NOT_ATOMIC_REQUIREMENT_PROOF
CT2-184,docs/Actifs/01_Cahiers_des_charges/SMART_AO_CAHIER_TECHNIQUE_EXECUTION_v3.1.md,2249,CT2-184 — T7 — Passation P7 renforcée,ct2-184,F31,TITLE_THEME,THEMATIC_INDEX_NOT_ATOMIC_REQUIREMENT_PROOF
CT2-185,docs/Actifs/01_Cahiers_des_charges/SMART_AO_CAHIER_TECHNIQUE_EXECUTION_v3.1.md,2259,CT2-185 — T8 — REX et calibration,ct2-185,F36,TITLE_THEME,THEMATIC_INDEX_NOT_ATOMIC_REQUIREMENT_PROOF
CT2-186,docs/Actifs/01_Cahiers_des_charges/SMART_AO_CAHIER_TECHNIQUE_EXECUTION_v3.1.md,2270,CT2-186 — 24. Plan de PR Codex — règles,ct2-186,F45,TITLE_THEME,THEMATIC_INDEX_NOT_ATOMIC_REQUIREMENT_PROOF
CT2-187,docs/Actifs/01_Cahiers_des_charges/SMART_AO_CAHIER_TECHNIQUE_EXECUTION_v3.1.md,2275,CT2-187 — 24.1 Interdits,ct2-187,F45,PARENT_THEME,THEMATIC_INDEX_NOT_ATOMIC_REQUIREMENT_PROOF
CT2-188,docs/Actifs/01_Cahiers_des_charges/SMART_AO_CAHIER_TECHNIQUE_EXECUTION_v3.1.md,2288,CT2-188 — 24.2 Forme d’une PR,ct2-188,F45,PARENT_THEME,THEMATIC_INDEX_NOT_ATOMIC_REQUIREMENT_PROOF
CT2-189,docs/Actifs/01_Cahiers_des_charges/SMART_AO_CAHIER_TECHNIQUE_EXECUTION_v3.1.md,2307,CT2-189 — 24.3 Séquence préférée,ct2-189,F45,PARENT_THEME,THEMATIC_INDEX_NOT_ATOMIC_REQUIREMENT_PROOF
CT2-190,docs/Actifs/01_Cahiers_des_charges/SMART_AO_CAHIER_TECHNIQUE_EXECUTION_v3.1.md,2323,CT2-190 — 25. Dépendances et choix technologiques,ct2-190,F44,TITLE_THEME,THEMATIC_INDEX_NOT_ATOMIC_REQUIREMENT_PROOF
CT2-191,docs/Actifs/01_Cahiers_des_charges/SMART_AO_CAHIER_TECHNIQUE_EXECUTION_v3.1.md,2326,CT2-191 — 25.1 Principe,ct2-191,F45,TITLE_THEME,THEMATIC_INDEX_NOT_ATOMIC_REQUIREMENT_PROOF
CT2-192,docs/Actifs/01_Cahiers_des_charges/SMART_AO_CAHIER_TECHNIQUE_EXECUTION_v3.1.md,2338,CT2-192 — 25.2 Moteur de règles,ct2-192,F44,PARENT_THEME,THEMATIC_INDEX_NOT_ATOMIC_REQUIREMENT_PROOF
CT2-193,docs/Actifs/01_Cahiers_des_charges/SMART_AO_CAHIER_TECHNIQUE_EXECUTION_v3.1.md,2343,CT2-193 — 25.3 Calendriers juridiques,ct2-193,F44,PARENT_THEME,THEMATIC_INDEX_NOT_ATOMIC_REQUIREMENT_PROOF
CT2-194,docs/Actifs/01_Cahiers_des_charges/SMART_AO_CAHIER_TECHNIQUE_EXECUTION_v3.1.md,2348,CT2-194 — 25.4 Document parsing,ct2-194,F07,TITLE_THEME,THEMATIC_INDEX_NOT_ATOMIC_REQUIREMENT_PROOF
CT2-195,docs/Actifs/01_Cahiers_des_charges/SMART_AO_CAHIER_TECHNIQUE_EXECUTION_v3.1.md,2355,CT2-195 — 26. Critères de performance,ct2-195,F43,TITLE_THEME,THEMATIC_INDEX_NOT_ATOMIC_REQUIREMENT_PROOF
CT2-196,docs/Actifs/01_Cahiers_des_charges/SMART_AO_CAHIER_TECHNIQUE_EXECUTION_v3.1.md,2375,"CT2-196 — 27. Exploitation, sauvegarde et reprise",ct2-196,F43,TITLE_THEME,THEMATIC_INDEX_NOT_ATOMIC_REQUIREMENT_PROOF
CT2-197,docs/Actifs/01_Cahiers_des_charges/SMART_AO_CAHIER_TECHNIQUE_EXECUTION_v3.1.md,2394,"CT2-197 — 28. Confidentialité, RGPD et conservation",ct2-197,F35|F42|F43,TITLE_THEME,THEMATIC_INDEX_NOT_ATOMIC_REQUIREMENT_PROOF
CT2-198,docs/Actifs/01_Cahiers_des_charges/SMART_AO_CAHIER_TECHNIQUE_EXECUTION_v3.1.md,2397,CT2-198 — 28.1 Minimisation,ct2-198,F35|F42|F43,PARENT_THEME,THEMATIC_INDEX_NOT_ATOMIC_REQUIREMENT_PROOF
CT2-199,docs/Actifs/01_Cahiers_des_charges/SMART_AO_CAHIER_TECHNIQUE_EXECUTION_v3.1.md,2410,CT2-199 — 28.2 Données juridiques/sensibles,ct2-199,F35|F42|F43,PARENT_THEME,THEMATIC_INDEX_NOT_ATOMIC_REQUIREMENT_PROOF
CT2-200,docs/Actifs/01_Cahiers_des_charges/SMART_AO_CAHIER_TECHNIQUE_EXECUTION_v3.1.md,2423,CT2-200 — 28.3 Suppression,ct2-200,F35|F42|F43,PARENT_THEME,THEMATIC_INDEX_NOT_ATOMIC_REQUIREMENT_PROOF
CT2-201,docs/Actifs/01_Cahiers_des_charges/SMART_AO_CAHIER_TECHNIQUE_EXECUTION_v3.1.md,2430,CT2-201 — 29. Menaces spécifiques et sécurité applicative,ct2-201,F42,TITLE_THEME,THEMATIC_INDEX_NOT_ATOMIC_REQUIREMENT_PROOF
CT2-202,docs/Actifs/01_Cahiers_des_charges/SMART_AO_CAHIER_TECHNIQUE_EXECUTION_v3.1.md,2433,CT2-202 — 29.1 Prompt injection réglementaire/contractuelle,ct2-202,F12,TITLE_THEME,THEMATIC_INDEX_NOT_ATOMIC_REQUIREMENT_PROOF
CT2-203,docs/Actifs/01_Cahiers_des_charges/SMART_AO_CAHIER_TECHNIQUE_EXECUTION_v3.1.md,2438,CT2-203 — 29.2 Formula injection tableur,ct2-203,F42,PARENT_THEME,THEMATIC_INDEX_NOT_ATOMIC_REQUIREMENT_PROOF
CT2-204,docs/Actifs/01_Cahiers_des_charges/SMART_AO_CAHIER_TECHNIQUE_EXECUTION_v3.1.md,2443,CT2-204 — 29.3 Archives,ct2-204,F42,PARENT_THEME,THEMATIC_INDEX_NOT_ATOMIC_REQUIREMENT_PROOF
CT2-205,docs/Actifs/01_Cahiers_des_charges/SMART_AO_CAHIER_TECHNIQUE_EXECUTION_v3.1.md,2448,CT2-205 — 29.4 SSRF / URLs de sources,ct2-205,F42,PARENT_THEME,THEMATIC_INDEX_NOT_ATOMIC_REQUIREMENT_PROOF
CT2-206,docs/Actifs/01_Cahiers_des_charges/SMART_AO_CAHIER_TECHNIQUE_EXECUTION_v3.1.md,2453,CT2-206 — 29.5 IDOR / tenant,ct2-206,F42,TITLE_THEME,THEMATIC_INDEX_NOT_ATOMIC_REQUIREMENT_PROOF
CT2-207,docs/Actifs/01_Cahiers_des_charges/SMART_AO_CAHIER_TECHNIQUE_EXECUTION_v3.1.md,2458,CT2-207 — 29.6 Export sensible,ct2-207,F35|F44,TITLE_THEME,THEMATIC_INDEX_NOT_ATOMIC_REQUIREMENT_PROOF
CT2-208,docs/Actifs/01_Cahiers_des_charges/SMART_AO_CAHIER_TECHNIQUE_EXECUTION_v3.1.md,2465,CT2-208 — 30. Matrice de traçabilité MASTER métier → technique,ct2-208,F45,TITLE_THEME,THEMATIC_INDEX_NOT_ATOMIC_REQUIREMENT_PROOF
CT2-209,docs/Actifs/01_Cahiers_des_charges/SMART_AO_CAHIER_TECHNIQUE_EXECUTION_v3.1.md,2501,CT2-209 — 31. Écarts déjà visibles avec le Cahier technique v1.0,ct2-209,F45,MANUAL_SCOPE_DISPOSITION,SCOPE_OR_GOVERNANCE_NOT_ATOMIC_REQUIREMENT_PROOF
CT2-210,docs/Actifs/01_Cahiers_des_charges/SMART_AO_CAHIER_TECHNIQUE_EXECUTION_v3.1.md,2506,CT2-210 — Couvert correctement,ct2-210,F45,MANUAL_SCOPE_DISPOSITION,SCOPE_OR_GOVERNANCE_NOT_ATOMIC_REQUIREMENT_PROOF
CT2-211,docs/Actifs/01_Cahiers_des_charges/SMART_AO_CAHIER_TECHNIQUE_EXECUTION_v3.1.md,2523,CT2-211 — À étendre,ct2-211,F45,MANUAL_SCOPE_DISPOSITION,SCOPE_OR_GOVERNANCE_NOT_ATOMIC_REQUIREMENT_PROOF
CT2-212,docs/Actifs/01_Cahiers_des_charges/SMART_AO_CAHIER_TECHNIQUE_EXECUTION_v3.1.md,2533,CT2-212 — Absent ou non explicite,ct2-212,F45,MANUAL_SCOPE_DISPOSITION,SCOPE_OR_GOVERNANCE_NOT_ATOMIC_REQUIREMENT_PROOF
CT2-213,docs/Actifs/01_Cahiers_des_charges/SMART_AO_CAHIER_TECHNIQUE_EXECUTION_v3.1.md,2551,CT2-213 — 32. Critères d’acceptation avant implémentation C1,ct2-213,F40,MANUAL_SCOPE_DISPOSITION,SCOPE_OR_GOVERNANCE_NOT_ATOMIC_REQUIREMENT_PROOF
CT2-214,docs/Actifs/01_Cahiers_des_charges/SMART_AO_CAHIER_TECHNIQUE_EXECUTION_v3.1.md,2569,CT2-214 — 33. Critères d’acceptation avant exposition commerciale,ct2-214,F40,MANUAL_SCOPE_DISPOSITION,SCOPE_OR_GOVERNANCE_NOT_ATOMIC_REQUIREMENT_PROOF
CT2-215,docs/Actifs/01_Cahiers_des_charges/SMART_AO_CAHIER_TECHNIQUE_EXECUTION_v3.1.md,2574,CT2-215 — Pénalités,ct2-215,F16,TITLE_THEME,THEMATIC_INDEX_NOT_ATOMIC_REQUIREMENT_PROOF
CT2-216,docs/Actifs/01_Cahiers_des_charges/SMART_AO_CAHIER_TECHNIQUE_EXECUTION_v3.1.md,2579,CT2-216 — Préservation des droits,ct2-216,F14,TITLE_THEME,THEMATIC_INDEX_NOT_ATOMIC_REQUIREMENT_PROOF
CT2-217,docs/Actifs/01_Cahiers_des_charges/SMART_AO_CAHIER_TECHNIQUE_EXECUTION_v3.1.md,2584,CT2-217 — Assurance,ct2-217,F29,TITLE_THEME,THEMATIC_INDEX_NOT_ATOMIC_REQUIREMENT_PROOF
CT2-218,docs/Actifs/01_Cahiers_des_charges/SMART_AO_CAHIER_TECHNIQUE_EXECUTION_v3.1.md,2589,CT2-218 — Réglementation,ct2-218,F12,TITLE_THEME,THEMATIC_INDEX_NOT_ATOMIC_REQUIREMENT_PROOF
CT2-219,docs/Actifs/01_Cahiers_des_charges/SMART_AO_CAHIER_TECHNIQUE_EXECUTION_v3.1.md,2594,CT2-219 — HSE,ct2-219,F29,TITLE_THEME,THEMATIC_INDEX_NOT_ATOMIC_REQUIREMENT_PROOF
CT2-220,docs/Actifs/01_Cahiers_des_charges/SMART_AO_CAHIER_TECHNIQUE_EXECUTION_v3.1.md,2599,CT2-220 — Carte d’Engagement,ct2-220,F38|F39,MANUAL_SCOPE_DISPOSITION,SCOPE_OR_GOVERNANCE_NOT_ATOMIC_REQUIREMENT_PROOF
CT2-221,docs/Actifs/01_Cahiers_des_charges/SMART_AO_CAHIER_TECHNIQUE_EXECUTION_v3.1.md,2606,CT2-221 — 34. Rollback stratégique,ct2-221,F41,TITLE_THEME,THEMATIC_INDEX_NOT_ATOMIC_REQUIREMENT_PROOF
CT2-222,docs/Actifs/01_Cahiers_des_charges/SMART_AO_CAHIER_TECHNIQUE_EXECUTION_v3.1.md,2621,CT2-222 — 35. Questions ouvertes / validations externes,ct2-222,F40,MANUAL_SCOPE_DISPOSITION,SCOPE_OR_GOVERNANCE_NOT_ATOMIC_REQUIREMENT_PROOF
CT2-223,docs/Actifs/01_Cahiers_des_charges/SMART_AO_CAHIER_TECHNIQUE_EXECUTION_v3.1.md,2641,CT2-223 — 36. Instructions de travail à donner à Codex,ct2-223,F45,MANUAL_SCOPE_DISPOSITION,SCOPE_OR_GOVERNANCE_NOT_ATOMIC_REQUIREMENT_PROOF
CT2-224,docs/Actifs/01_Cahiers_des_charges/SMART_AO_CAHIER_TECHNIQUE_EXECUTION_v3.1.md,2687,CT2-224 — 37. Livrable de sortie attendu de Codex après l’audit,ct2-224,F45,MANUAL_SCOPE_DISPOSITION,SCOPE_OR_GOVERNANCE_NOT_ATOMIC_REQUIREMENT_PROOF
CT2-225,docs/Actifs/01_Cahiers_des_charges/SMART_AO_CAHIER_TECHNIQUE_EXECUTION_v3.1.md,2716,CT2-225 — 38. Références documentaires,ct2-225,F45,TITLE_THEME,THEMATIC_INDEX_NOT_ATOMIC_REQUIREMENT_PROOF
CT2-226,docs/Actifs/01_Cahiers_des_charges/SMART_AO_CAHIER_TECHNIQUE_EXECUTION_v3.1.md,2719,CT2-226 — Autorités actuelles du dépôt,ct2-226,F30,TITLE_THEME,THEMATIC_INDEX_NOT_ATOMIC_REQUIREMENT_PROOF
CT2-227,docs/Actifs/01_Cahiers_des_charges/SMART_AO_CAHIER_TECHNIQUE_EXECUTION_v3.1.md,2727,CT2-227 — Technique,ct2-227,F45,PARENT_THEME,THEMATIC_INDEX_NOT_ATOMIC_REQUIREMENT_PROOF
CT2-228,docs/Actifs/01_Cahiers_des_charges/SMART_AO_CAHIER_TECHNIQUE_EXECUTION_v3.1.md,2735,CT2-228 — Nouvelles autorités candidates,ct2-228,F45,PARENT_THEME,THEMATIC_INDEX_NOT_ATOMIC_REQUIREMENT_PROOF
CT2-229,docs/Actifs/01_Cahiers_des_charges/SMART_AO_CAHIER_TECHNIQUE_EXECUTION_v3.1.md,2743,CT2-229 — 39. Décision technique proposée,ct2-229,F45,MANUAL_SCOPE_DISPOSITION,SCOPE_OR_GOVERNANCE_NOT_ATOMIC_REQUIREMENT_PROOF
CT2-230,docs/Actifs/01_Cahiers_des_charges/SMART_AO_CAHIER_TECHNIQUE_EXECUTION_v3.1.md,2762,CT2-230 — 40. Verdict final,ct2-230,F45,TITLE_THEME,THEMATIC_INDEX_NOT_ATOMIC_REQUIREMENT_PROOF
SMART_AO_CAHIER_TECHNIQUE_EXECUTION_v3.1:L2778,docs/Actifs/01_Cahiers_des_charges/SMART_AO_CAHIER_TECHNIQUE_EXECUTION_v3.1.md,2778,Contrats techniques détaillés du réalignement — CT3,,F45,MANUAL_SCOPE_DISPOSITION,SCOPE_OR_GOVERNANCE_NOT_ATOMIC_REQUIREMENT_PROOF
SMART_AO_CAHIER_TECHNIQUE_EXECUTION_v3.1:L2782,docs/Actifs/01_Cahiers_des_charges/SMART_AO_CAHIER_TECHNIQUE_EXECUTION_v3.1.md,2782,Accès aux chapitres intégrés,,F39|F44,TITLE_THEME,THEMATIC_INDEX_NOT_ATOMIC_REQUIREMENT_PROOF
CT3-001,docs/Actifs/01_Cahiers_des_charges/SMART_AO_CAHIER_TECHNIQUE_EXECUTION_v3.1.md,2872,CT3-001 — SMART AO — CAHIER TECHNIQUE D’EXÉCUTION INTÉGRAL,ct3-001,F45,MANUAL_SCOPE_DISPOSITION,SCOPE_OR_GOVERNANCE_NOT_ATOMIC_REQUIREMENT_PROOF
CT3-002,docs/Actifs/01_Cahiers_des_charges/SMART_AO_CAHIER_TECHNIQUE_EXECUTION_v3.1.md,2874,CT3-002 — MASTER CANDIDATE v3.0 — Engagement Control Architecture + héritage technique V2.1,ct3-002,F44,TITLE_THEME,THEMATIC_INDEX_NOT_ATOMIC_REQUIREMENT_PROOF
CT3-003,docs/Actifs/01_Cahiers_des_charges/SMART_AO_CAHIER_TECHNIQUE_EXECUTION_v3.1.md,2883,CT3-003 — PARTIE I — DELTA TECHNIQUE V3,ct3-003,F45,MANUAL_SCOPE_DISPOSITION,SCOPE_OR_GOVERNANCE_NOT_ATOMIC_REQUIREMENT_PROOF
CT3-004,docs/Actifs/01_Cahiers_des_charges/SMART_AO_CAHIER_TECHNIQUE_EXECUTION_v3.1.md,2886,CT3-004 — SMART AO — CAHIER TECHNIQUE D’EXÉCUTION,ct3-004,F45,MANUAL_SCOPE_DISPOSITION,SCOPE_OR_GOVERNANCE_NOT_ATOMIC_REQUIREMENT_PROOF
CT3-005,docs/Actifs/01_Cahiers_des_charges/SMART_AO_CAHIER_TECHNIQUE_EXECUTION_v3.1.md,2888,CT3-005 — V3.0 CANDIDATE — Engagement Control Architecture,ct3-005,F44,TITLE_THEME,THEMATIC_INDEX_NOT_ATOMIC_REQUIREMENT_PROOF
CT3-006,docs/Actifs/01_Cahiers_des_charges/SMART_AO_CAHIER_TECHNIQUE_EXECUTION_v3.1.md,2898,CT3-006 — 0. MANDAT,ct3-006,F23|F45,TITLE_THEME,THEMATIC_INDEX_NOT_ATOMIC_REQUIREMENT_PROOF
CT3-007,docs/Actifs/01_Cahiers_des_charges/SMART_AO_CAHIER_TECHNIQUE_EXECUTION_v3.1.md,2916,CT3-007 — 1. BASELINE TECHNIQUE À PRÉSERVER,ct3-007,F11|F32,TITLE_THEME,THEMATIC_INDEX_NOT_ATOMIC_REQUIREMENT_PROOF
CT3-008,docs/Actifs/01_Cahiers_des_charges/SMART_AO_CAHIER_TECHNIQUE_EXECUTION_v3.1.md,2948,CT3-008 — 2. PROBLÈME D’ARCHITECTURE V3,ct3-008,F44,TITLE_THEME,THEMATIC_INDEX_NOT_ATOMIC_REQUIREMENT_PROOF
CT3-009,docs/Actifs/01_Cahiers_des_charges/SMART_AO_CAHIER_TECHNIQUE_EXECUTION_v3.1.md,2966,CT3-009 — 3. ENGAGEMENT CONTROL — LOGICAL BOUNDED CONTEXT,ct3-009,F44,TITLE_THEME,THEMATIC_INDEX_NOT_ATOMIC_REQUIREMENT_PROOF
CT3-010,docs/Actifs/01_Cahiers_des_charges/SMART_AO_CAHIER_TECHNIQUE_EXECUTION_v3.1.md,2969,CT3-010 — 3.1 Statut,ct3-010,F45,TITLE_THEME,THEMATIC_INDEX_NOT_ATOMIC_REQUIREMENT_PROOF
CT3-011,docs/Actifs/01_Cahiers_des_charges/SMART_AO_CAHIER_TECHNIQUE_EXECUTION_v3.1.md,2976,CT3-011 — Option A — nouveau module cohésif,ct3-011,F45,PARENT_THEME,THEMATIC_INDEX_NOT_ATOMIC_REQUIREMENT_PROOF
CT3-012,docs/Actifs/01_Cahiers_des_charges/SMART_AO_CAHIER_TECHNIQUE_EXECUTION_v3.1.md,2983,CT3-012 — Option B — ownership distribué + contrats transversaux,ct3-012,F39,TITLE_THEME,THEMATIC_INDEX_NOT_ATOMIC_REQUIREMENT_PROOF
CT3-013,docs/Actifs/01_Cahiers_des_charges/SMART_AO_CAHIER_TECHNIQUE_EXECUTION_v3.1.md,2992,CT3-013 — 3.2 Interdiction,ct3-013,F44,PARENT_THEME,THEMATIC_INDEX_NOT_ATOMIC_REQUIREMENT_PROOF
CT3-014,docs/Actifs/01_Cahiers_des_charges/SMART_AO_CAHIER_TECHNIQUE_EXECUTION_v3.1.md,2999,CT3-014 — 4. ENGAGEMENT CONTROL GRAPH — MODÈLE TECHNIQUE,ct3-014,F38,TITLE_THEME,THEMATIC_INDEX_NOT_ATOMIC_REQUIREMENT_PROOF
CT3-015,docs/Actifs/01_Cahiers_des_charges/SMART_AO_CAHIER_TECHNIQUE_EXECUTION_v3.1.md,3002,CT3-015 — 4.1 Pas d’obligation de graph DB,ct3-015,F38,TITLE_THEME,THEMATIC_INDEX_NOT_ATOMIC_REQUIREMENT_PROOF
CT3-016,docs/Actifs/01_Cahiers_des_charges/SMART_AO_CAHIER_TECHNIQUE_EXECUTION_v3.1.md,3017,CT3-016 — 4.2 Types de relation,ct3-016,F38,TITLE_THEME,THEMATIC_INDEX_NOT_ATOMIC_REQUIREMENT_PROOF
CT3-017,docs/Actifs/01_Cahiers_des_charges/SMART_AO_CAHIER_TECHNIQUE_EXECUTION_v3.1.md,3049,CT3-017 — 4.3 Stable IDs,ct3-017,F38,PARENT_THEME,THEMATIC_INDEX_NOT_ATOMIC_REQUIREMENT_PROOF
CT3-018,docs/Actifs/01_Cahiers_des_charges/SMART_AO_CAHIER_TECHNIQUE_EXECUTION_v3.1.md,3058,CT3-018 — 5. SOURCE REFERENCE V3,ct3-018,F06|F45,TITLE_THEME,THEMATIC_INDEX_NOT_ATOMIC_REQUIREMENT_PROOF
CT3-019,docs/Actifs/01_Cahiers_des_charges/SMART_AO_CAHIER_TECHNIQUE_EXECUTION_v3.1.md,3061,CT3-019 — 5.1 Objectif,ct3-019,F06|F45,PARENT_THEME,THEMATIC_INDEX_NOT_ATOMIC_REQUIREMENT_PROOF
CT3-020,docs/Actifs/01_Cahiers_des_charges/SMART_AO_CAHIER_TECHNIQUE_EXECUTION_v3.1.md,3090,CT3-020 — 5.2 Compatibilité,ct3-020,F06|F45,PARENT_THEME,THEMATIC_INDEX_NOT_ATOMIC_REQUIREMENT_PROOF
CT3-021,docs/Actifs/01_Cahiers_des_charges/SMART_AO_CAHIER_TECHNIQUE_EXECUTION_v3.1.md,3106,CT3-021 — 6. APPLICABILITY ENGINE,ct3-021,F12,TITLE_THEME,THEMATIC_INDEX_NOT_ATOMIC_REQUIREMENT_PROOF
CT3-022,docs/Actifs/01_Cahiers_des_charges/SMART_AO_CAHIER_TECHNIQUE_EXECUTION_v3.1.md,3109,CT3-022 — 6.1 Deux étapes,ct3-022,F39,TITLE_THEME,THEMATIC_INDEX_NOT_ATOMIC_REQUIREMENT_PROOF
CT3-023,docs/Actifs/01_Cahiers_des_charges/SMART_AO_CAHIER_TECHNIQUE_EXECUTION_v3.1.md,3126,CT3-023 — 6.2 Rule version,ct3-023,F12,PARENT_THEME,THEMATIC_INDEX_NOT_ATOMIC_REQUIREMENT_PROOF
CT3-024,docs/Actifs/01_Cahiers_des_charges/SMART_AO_CAHIER_TECHNIQUE_EXECUTION_v3.1.md,3142,CT3-024 — 6.3 Rule status,ct3-024,F12,PARENT_THEME,THEMATIC_INDEX_NOT_ATOMIC_REQUIREMENT_PROOF
CT3-025,docs/Actifs/01_Cahiers_des_charges/SMART_AO_CAHIER_TECHNIQUE_EXECUTION_v3.1.md,3155,CT3-025 — 7. CONTRACT BASELINE,ct3-025,F11,TITLE_THEME,THEMATIC_INDEX_NOT_ATOMIC_REQUIREMENT_PROOF
CT3-026,docs/Actifs/01_Cahiers_des_charges/SMART_AO_CAHIER_TECHNIQUE_EXECUTION_v3.1.md,3158,CT3-026 — 7.1 Aggregate,ct3-026,F11,PARENT_THEME,THEMATIC_INDEX_NOT_ATOMIC_REQUIREMENT_PROOF
CT3-027,docs/Actifs/01_Cahiers_des_charges/SMART_AO_CAHIER_TECHNIQUE_EXECUTION_v3.1.md,3185,CT3-027 — 7.2 Baseline snapshot,ct3-027,F11,TITLE_THEME,THEMATIC_INDEX_NOT_ATOMIC_REQUIREMENT_PROOF
CT3-028,docs/Actifs/01_Cahiers_des_charges/SMART_AO_CAHIER_TECHNIQUE_EXECUTION_v3.1.md,3194,CT3-028 — 8. CONTRACT DEVIATION,ct3-028,F11,TITLE_THEME,THEMATIC_INDEX_NOT_ATOMIC_REQUIREMENT_PROOF
CT3-029,docs/Actifs/01_Cahiers_des_charges/SMART_AO_CAHIER_TECHNIQUE_EXECUTION_v3.1.md,3217,CT3-029 — 9. OBLIGATION & RIGHT,ct3-029,F14|F32,MANUAL_SCOPE_DISPOSITION,SCOPE_OR_GOVERNANCE_NOT_ATOMIC_REQUIREMENT_PROOF
CT3-030,docs/Actifs/01_Cahiers_des_charges/SMART_AO_CAHIER_TECHNIQUE_EXECUTION_v3.1.md,3222,CT3-030 — 9.1 Obligation,ct3-030,F14|F32,MANUAL_SCOPE_DISPOSITION,SCOPE_OR_GOVERNANCE_NOT_ATOMIC_REQUIREMENT_PROOF
CT3-031,docs/Actifs/01_Cahiers_des_charges/SMART_AO_CAHIER_TECHNIQUE_EXECUTION_v3.1.md,3238,CT3-031 — 9.2 Right,ct3-031,F14|F32,MANUAL_SCOPE_DISPOSITION,SCOPE_OR_GOVERNANCE_NOT_ATOMIC_REQUIREMENT_PROOF
CT3-032,docs/Actifs/01_Cahiers_des_charges/SMART_AO_CAHIER_TECHNIQUE_EXECUTION_v3.1.md,3256,CT3-032 — 10. DEADLINE ENGINE,ct3-032,F15,TITLE_THEME,THEMATIC_INDEX_NOT_ATOMIC_REQUIREMENT_PROOF
CT3-033,docs/Actifs/01_Cahiers_des_charges/SMART_AO_CAHIER_TECHNIQUE_EXECUTION_v3.1.md,3259,CT3-033 — 10.1 Principe,ct3-033,F45,TITLE_THEME,THEMATIC_INDEX_NOT_ATOMIC_REQUIREMENT_PROOF
CT3-034,docs/Actifs/01_Cahiers_des_charges/SMART_AO_CAHIER_TECHNIQUE_EXECUTION_v3.1.md,3284,CT3-034 — 10.2 États,ct3-034,F15,PARENT_THEME,THEMATIC_INDEX_NOT_ATOMIC_REQUIREMENT_PROOF
CT3-035,docs/Actifs/01_Cahiers_des_charges/SMART_AO_CAHIER_TECHNIQUE_EXECUTION_v3.1.md,3296,CT3-035 — 11. SANCTION ENGINE,ct3-035,F16,TITLE_THEME,THEMATIC_INDEX_NOT_ATOMIC_REQUIREMENT_PROOF
CT3-036,docs/Actifs/01_Cahiers_des_charges/SMART_AO_CAHIER_TECHNIQUE_EXECUTION_v3.1.md,3324,CT3-036 — 12. BUSINESS IMPACT MODEL,ct3-036,F20,TITLE_THEME,THEMATIC_INDEX_NOT_ATOMIC_REQUIREMENT_PROOF
CT3-037,docs/Actifs/01_Cahiers_des_charges/SMART_AO_CAHIER_TECHNIQUE_EXECUTION_v3.1.md,3327,CT3-037 — 12.1 Objet,ct3-037,F45,TITLE_THEME,THEMATIC_INDEX_NOT_ATOMIC_REQUIREMENT_PROOF
CT3-038,docs/Actifs/01_Cahiers_des_charges/SMART_AO_CAHIER_TECHNIQUE_EXECUTION_v3.1.md,3362,CT3-038 — 12.2 Financial privacy,ct3-038,F20,PARENT_THEME,THEMATIC_INDEX_NOT_ATOMIC_REQUIREMENT_PROOF
CT3-039,docs/Actifs/01_Cahiers_des_charges/SMART_AO_CAHIER_TECHNIQUE_EXECUTION_v3.1.md,3375,CT3-039 — 13. DECISION CONDITION,ct3-039,F26,TITLE_THEME,THEMATIC_INDEX_NOT_ATOMIC_REQUIREMENT_PROOF
CT3-040,docs/Actifs/01_Cahiers_des_charges/SMART_AO_CAHIER_TECHNIQUE_EXECUTION_v3.1.md,3407,CT3-040 — 14. EVENT MODEL — VERTICAL C,ct3-040,F17|F44,TITLE_THEME,THEMATIC_INDEX_NOT_ATOMIC_REQUIREMENT_PROOF
CT3-041,docs/Actifs/01_Cahiers_des_charges/SMART_AO_CAHIER_TECHNIQUE_EXECUTION_v3.1.md,3446,CT3-041 — 15. CHANGE / OS,ct3-041,F17,TITLE_THEME,THEMATIC_INDEX_NOT_ATOMIC_REQUIREMENT_PROOF
CT3-042,docs/Actifs/01_Cahiers_des_charges/SMART_AO_CAHIER_TECHNIQUE_EXECUTION_v3.1.md,3472,CT3-042 — 16. SETTLEMENT / PAYMENT / RECEPTION,ct3-042,F32|F33|F34,TITLE_THEME,THEMATIC_INDEX_NOT_ATOMIC_REQUIREMENT_PROOF
CT3-043,docs/Actifs/01_Cahiers_des_charges/SMART_AO_CAHIER_TECHNIQUE_EXECUTION_v3.1.md,3475,CT3-043 — 16.1 Ownership,ct3-043,F32|F33|F34,PARENT_THEME,THEMATIC_INDEX_NOT_ATOMIC_REQUIREMENT_PROOF
CT3-044,docs/Actifs/01_Cahiers_des_charges/SMART_AO_CAHIER_TECHNIQUE_EXECUTION_v3.1.md,3510,CT3-044 — 16.2 Migration,ct3-044,F41,TITLE_THEME,THEMATIC_INDEX_NOT_ATOMIC_REQUIREMENT_PROOF
CT3-045,docs/Actifs/01_Cahiers_des_charges/SMART_AO_CAHIER_TECHNIQUE_EXECUTION_v3.1.md,3517,CT3-045 — 16.3 Reception,ct3-045,F32,TITLE_THEME,THEMATIC_INDEX_NOT_ATOMIC_REQUIREMENT_PROOF
CT3-046,docs/Actifs/01_Cahiers_des_charges/SMART_AO_CAHIER_TECHNIQUE_EXECUTION_v3.1.md,3534,CT3-046 — 17. P7 HANDOVER MODEL,ct3-046,F31,TITLE_THEME,THEMATIC_INDEX_NOT_ATOMIC_REQUIREMENT_PROOF
CT3-047,docs/Actifs/01_Cahiers_des_charges/SMART_AO_CAHIER_TECHNIQUE_EXECUTION_v3.1.md,3559,CT3-047 — 18. REX CAUSAL MODEL,ct3-047,F36|F38,TITLE_THEME,THEMATIC_INDEX_NOT_ATOMIC_REQUIREMENT_PROOF
CT3-048,docs/Actifs/01_Cahiers_des_charges/SMART_AO_CAHIER_TECHNIQUE_EXECUTION_v3.1.md,3598,CT3-048 — 19. READ MODELS V3,ct3-048,F38|F39,MANUAL_SCOPE_DISPOSITION,SCOPE_OR_GOVERNANCE_NOT_ATOMIC_REQUIREMENT_PROOF
CT3-049,docs/Actifs/01_Cahiers_des_charges/SMART_AO_CAHIER_TECHNIQUE_EXECUTION_v3.1.md,3603,CT3-049 — 19.1 Patron Engagement Map,ct3-049,F38|F39,MANUAL_SCOPE_DISPOSITION,SCOPE_OR_GOVERNANCE_NOT_ATOMIC_REQUIREMENT_PROOF
CT3-050,docs/Actifs/01_Cahiers_des_charges/SMART_AO_CAHIER_TECHNIQUE_EXECUTION_v3.1.md,3608,CT3-050 — 19.2 Contract Baseline View,ct3-050,F11,TITLE_THEME,THEMATIC_INDEX_NOT_ATOMIC_REQUIREMENT_PROOF
CT3-051,docs/Actifs/01_Cahiers_des_charges/SMART_AO_CAHIER_TECHNIQUE_EXECUTION_v3.1.md,3613,CT3-051 — 19.3 Rights Calendar,ct3-051,F14,TITLE_THEME,THEMATIC_INDEX_NOT_ATOMIC_REQUIREMENT_PROOF
CT3-052,docs/Actifs/01_Cahiers_des_charges/SMART_AO_CAHIER_TECHNIQUE_EXECUTION_v3.1.md,3618,CT3-052 — 19.4 Change Impact View,ct3-052,F38|F39,MANUAL_SCOPE_DISPOSITION,SCOPE_OR_GOVERNANCE_NOT_ATOMIC_REQUIREMENT_PROOF
CT3-053,docs/Actifs/01_Cahiers_des_charges/SMART_AO_CAHIER_TECHNIQUE_EXECUTION_v3.1.md,3623,CT3-053 — 19.5 Handover View,ct3-053,F31,TITLE_THEME,THEMATIC_INDEX_NOT_ATOMIC_REQUIREMENT_PROOF
CT3-054,docs/Actifs/01_Cahiers_des_charges/SMART_AO_CAHIER_TECHNIQUE_EXECUTION_v3.1.md,3632,CT3-054 — 20. API,ct3-054,F44,TITLE_THEME,THEMATIC_INDEX_NOT_ATOMIC_REQUIREMENT_PROOF
CT3-055,docs/Actifs/01_Cahiers_des_charges/SMART_AO_CAHIER_TECHNIQUE_EXECUTION_v3.1.md,3665,CT3-055 — 21. FRONTEND,ct3-055,F39,MANUAL_SCOPE_DISPOSITION,SCOPE_OR_GOVERNANCE_NOT_ATOMIC_REQUIREMENT_PROOF
CT3-056,docs/Actifs/01_Cahiers_des_charges/SMART_AO_CAHIER_TECHNIQUE_EXECUTION_v3.1.md,3668,CT3-056 — 21.1 Principe,ct3-056,F45,TITLE_THEME,THEMATIC_INDEX_NOT_ATOMIC_REQUIREMENT_PROOF
CT3-057,docs/Actifs/01_Cahiers_des_charges/SMART_AO_CAHIER_TECHNIQUE_EXECUTION_v3.1.md,3686,CT3-057 — 21.2 Progressive disclosure,ct3-057,F39,MANUAL_SCOPE_DISPOSITION,SCOPE_OR_GOVERNANCE_NOT_ATOMIC_REQUIREMENT_PROOF
CT3-058,docs/Actifs/01_Cahiers_des_charges/SMART_AO_CAHIER_TECHNIQUE_EXECUTION_v3.1.md,3697,CT3-058 — 21.3 Confidentialité,ct3-058,F42,TITLE_THEME,THEMATIC_INDEX_NOT_ATOMIC_REQUIREMENT_PROOF
CT3-059,docs/Actifs/01_Cahiers_des_charges/SMART_AO_CAHIER_TECHNIQUE_EXECUTION_v3.1.md,3704,CT3-059 — 22. AI RUNTIME V3,ct3-059,F08,MANUAL_SCOPE_DISPOSITION,SCOPE_OR_GOVERNANCE_NOT_ATOMIC_REQUIREMENT_PROOF
CT3-060,docs/Actifs/01_Cahiers_des_charges/SMART_AO_CAHIER_TECHNIQUE_EXECUTION_v3.1.md,3707,CT3-060 — 22.1 Structured extraction,ct3-060,F07,TITLE_THEME,THEMATIC_INDEX_NOT_ATOMIC_REQUIREMENT_PROOF
CT3-061,docs/Actifs/01_Cahiers_des_charges/SMART_AO_CAHIER_TECHNIQUE_EXECUTION_v3.1.md,3721,CT3-061 — 22.2 Link proposal,ct3-061,F38,MANUAL_SCOPE_DISPOSITION,SCOPE_OR_GOVERNANCE_NOT_ATOMIC_REQUIREMENT_PROOF
CT3-062,docs/Actifs/01_Cahiers_des_charges/SMART_AO_CAHIER_TECHNIQUE_EXECUTION_v3.1.md,3734,CT3-062 — 22.3 Abstention,ct3-062,F08,MANUAL_SCOPE_DISPOSITION,SCOPE_OR_GOVERNANCE_NOT_ATOMIC_REQUIREMENT_PROOF
CT3-063,docs/Actifs/01_Cahiers_des_charges/SMART_AO_CAHIER_TECHNIQUE_EXECUTION_v3.1.md,3743,CT3-063 — 23. BENCHMARK HARNESS,ct3-063,F40,TITLE_THEME,THEMATIC_INDEX_NOT_ATOMIC_REQUIREMENT_PROOF
CT3-064,docs/Actifs/01_Cahiers_des_charges/SMART_AO_CAHIER_TECHNIQUE_EXECUTION_v3.1.md,3779,CT3-064 — 24. TESTS ADVERSARIAUX V3,ct3-064,F39|F40,TITLE_THEME,THEMATIC_INDEX_NOT_ATOMIC_REQUIREMENT_PROOF
CT3-065,docs/Actifs/01_Cahiers_des_charges/SMART_AO_CAHIER_TECHNIQUE_EXECUTION_v3.1.md,3784,CT3-065 — REC-V3-01,ct3-065,F39|F40,PARENT_THEME,THEMATIC_INDEX_NOT_ATOMIC_REQUIREMENT_PROOF
CT3-066,docs/Actifs/01_Cahiers_des_charges/SMART_AO_CAHIER_TECHNIQUE_EXECUTION_v3.1.md,3788,CT3-066 — REC-V3-02,ct3-066,F39|F40,PARENT_THEME,THEMATIC_INDEX_NOT_ATOMIC_REQUIREMENT_PROOF
CT3-067,docs/Actifs/01_Cahiers_des_charges/SMART_AO_CAHIER_TECHNIQUE_EXECUTION_v3.1.md,3792,CT3-067 — REC-V3-03,ct3-067,F39|F40,PARENT_THEME,THEMATIC_INDEX_NOT_ATOMIC_REQUIREMENT_PROOF
CT3-068,docs/Actifs/01_Cahiers_des_charges/SMART_AO_CAHIER_TECHNIQUE_EXECUTION_v3.1.md,3796,CT3-068 — REC-V3-04,ct3-068,F39|F40,PARENT_THEME,THEMATIC_INDEX_NOT_ATOMIC_REQUIREMENT_PROOF
CT3-069,docs/Actifs/01_Cahiers_des_charges/SMART_AO_CAHIER_TECHNIQUE_EXECUTION_v3.1.md,3800,CT3-069 — REC-V3-05,ct3-069,F39|F40,PARENT_THEME,THEMATIC_INDEX_NOT_ATOMIC_REQUIREMENT_PROOF
CT3-070,docs/Actifs/01_Cahiers_des_charges/SMART_AO_CAHIER_TECHNIQUE_EXECUTION_v3.1.md,3804,CT3-070 — REC-V3-06,ct3-070,F39|F40,PARENT_THEME,THEMATIC_INDEX_NOT_ATOMIC_REQUIREMENT_PROOF
CT3-071,docs/Actifs/01_Cahiers_des_charges/SMART_AO_CAHIER_TECHNIQUE_EXECUTION_v3.1.md,3808,CT3-071 — REC-V3-07,ct3-071,F39|F40,PARENT_THEME,THEMATIC_INDEX_NOT_ATOMIC_REQUIREMENT_PROOF
CT3-072,docs/Actifs/01_Cahiers_des_charges/SMART_AO_CAHIER_TECHNIQUE_EXECUTION_v3.1.md,3812,CT3-072 — REC-V3-08,ct3-072,F39|F40,PARENT_THEME,THEMATIC_INDEX_NOT_ATOMIC_REQUIREMENT_PROOF
CT3-073,docs/Actifs/01_Cahiers_des_charges/SMART_AO_CAHIER_TECHNIQUE_EXECUTION_v3.1.md,3816,CT3-073 — REC-V3-09,ct3-073,F39|F40,PARENT_THEME,THEMATIC_INDEX_NOT_ATOMIC_REQUIREMENT_PROOF
CT3-074,docs/Actifs/01_Cahiers_des_charges/SMART_AO_CAHIER_TECHNIQUE_EXECUTION_v3.1.md,3820,CT3-074 — REC-V3-10,ct3-074,F39|F40,PARENT_THEME,THEMATIC_INDEX_NOT_ATOMIC_REQUIREMENT_PROOF
CT3-075,docs/Actifs/01_Cahiers_des_charges/SMART_AO_CAHIER_TECHNIQUE_EXECUTION_v3.1.md,3824,CT3-075 — REC-V3-11,ct3-075,F39|F40,PARENT_THEME,THEMATIC_INDEX_NOT_ATOMIC_REQUIREMENT_PROOF
CT3-076,docs/Actifs/01_Cahiers_des_charges/SMART_AO_CAHIER_TECHNIQUE_EXECUTION_v3.1.md,3828,CT3-076 — REC-V3-12,ct3-076,F39|F40,PARENT_THEME,THEMATIC_INDEX_NOT_ATOMIC_REQUIREMENT_PROOF
CT3-077,docs/Actifs/01_Cahiers_des_charges/SMART_AO_CAHIER_TECHNIQUE_EXECUTION_v3.1.md,3832,CT3-077 — REC-V3-13,ct3-077,F39|F40,PARENT_THEME,THEMATIC_INDEX_NOT_ATOMIC_REQUIREMENT_PROOF
CT3-078,docs/Actifs/01_Cahiers_des_charges/SMART_AO_CAHIER_TECHNIQUE_EXECUTION_v3.1.md,3836,CT3-078 — REC-V3-14,ct3-078,F39|F40,PARENT_THEME,THEMATIC_INDEX_NOT_ATOMIC_REQUIREMENT_PROOF
CT3-079,docs/Actifs/01_Cahiers_des_charges/SMART_AO_CAHIER_TECHNIQUE_EXECUTION_v3.1.md,3840,CT3-079 — REC-V3-15,ct3-079,F39|F40,PARENT_THEME,THEMATIC_INDEX_NOT_ATOMIC_REQUIREMENT_PROOF
CT3-080,docs/Actifs/01_Cahiers_des_charges/SMART_AO_CAHIER_TECHNIQUE_EXECUTION_v3.1.md,3846,CT3-080 — 25. MIGRATIONS,ct3-080,F41,TITLE_THEME,THEMATIC_INDEX_NOT_ATOMIC_REQUIREMENT_PROOF
CT3-081,docs/Actifs/01_Cahiers_des_charges/SMART_AO_CAHIER_TECHNIQUE_EXECUTION_v3.1.md,3863,CT3-081 — 26. CONCURRENCY,ct3-081,F42,TITLE_THEME,THEMATIC_INDEX_NOT_ATOMIC_REQUIREMENT_PROOF
CT3-082,docs/Actifs/01_Cahiers_des_charges/SMART_AO_CAHIER_TECHNIQUE_EXECUTION_v3.1.md,3884,CT3-082 — 27. OBSERVABILITY,ct3-082,F43,TITLE_THEME,THEMATIC_INDEX_NOT_ATOMIC_REQUIREMENT_PROOF
CT3-083,docs/Actifs/01_Cahiers_des_charges/SMART_AO_CAHIER_TECHNIQUE_EXECUTION_v3.1.md,3910,CT3-083 — 28. SECURITY,ct3-083,F42,MANUAL_SCOPE_DISPOSITION,SCOPE_OR_GOVERNANCE_NOT_ATOMIC_REQUIREMENT_PROOF
CT3-084,docs/Actifs/01_Cahiers_des_charges/SMART_AO_CAHIER_TECHNIQUE_EXECUTION_v3.1.md,3929,CT3-084 — 29. DEPLOYMENT,ct3-084,F43,MANUAL_SCOPE_DISPOSITION,SCOPE_OR_GOVERNANCE_NOT_ATOMIC_REQUIREMENT_PROOF
CT3-085,docs/Actifs/01_Cahiers_des_charges/SMART_AO_CAHIER_TECHNIQUE_EXECUTION_v3.1.md,3947,CT3-085 — 30. T0 AUDIT OUTPUT,ct3-085,F45,MANUAL_SCOPE_DISPOSITION,SCOPE_OR_GOVERNANCE_NOT_ATOMIC_REQUIREMENT_PROOF
CT3-086,docs/Actifs/01_Cahiers_des_charges/SMART_AO_CAHIER_TECHNIQUE_EXECUTION_v3.1.md,3969,CT3-086 — 31. ROADMAP TECHNIQUE V3,ct3-086,F45,MANUAL_SCOPE_DISPOSITION,SCOPE_OR_GOVERNANCE_NOT_ATOMIC_REQUIREMENT_PROOF
CT3-087,docs/Actifs/01_Cahiers_des_charges/SMART_AO_CAHIER_TECHNIQUE_EXECUTION_v3.1.md,3972,CT3-087 — T0 — Rebaseline & documentation,ct3-087,F11,TITLE_THEME,THEMATIC_INDEX_NOT_ATOMIC_REQUIREMENT_PROOF
CT3-088,docs/Actifs/01_Cahiers_des_charges/SMART_AO_CAHIER_TECHNIQUE_EXECUTION_v3.1.md,3976,CT3-088 — T1 — Traceability foundation,ct3-088,F06,MANUAL_SCOPE_DISPOSITION,SCOPE_OR_GOVERNANCE_NOT_ATOMIC_REQUIREMENT_PROOF
CT3-089,docs/Actifs/01_Cahiers_des_charges/SMART_AO_CAHIER_TECHNIQUE_EXECUTION_v3.1.md,3980,CT3-089 — T2 — Vertical A baseline,ct3-089,F11,TITLE_THEME,THEMATIC_INDEX_NOT_ATOMIC_REQUIREMENT_PROOF
CT3-090,docs/Actifs/01_Cahiers_des_charges/SMART_AO_CAHIER_TECHNIQUE_EXECUTION_v3.1.md,3984,CT3-090 — T3 — Vertical A impact,ct3-090,F11|F20|F26,MANUAL_SCOPE_DISPOSITION,SCOPE_OR_GOVERNANCE_NOT_ATOMIC_REQUIREMENT_PROOF
CT3-091,docs/Actifs/01_Cahiers_des_charges/SMART_AO_CAHIER_TECHNIQUE_EXECUTION_v3.1.md,3988,CT3-091 — T4 — Vertical B,ct3-091,F31,TITLE_THEME,THEMATIC_INDEX_NOT_ATOMIC_REQUIREMENT_PROOF
CT3-092,docs/Actifs/01_Cahiers_des_charges/SMART_AO_CAHIER_TECHNIQUE_EXECUTION_v3.1.md,3992,CT3-092 — T5 — Vertical C,ct3-092,F17,TITLE_THEME,THEMATIC_INDEX_NOT_ATOMIC_REQUIREMENT_PROOF
CT3-093,docs/Actifs/01_Cahiers_des_charges/SMART_AO_CAHIER_TECHNIQUE_EXECUTION_v3.1.md,3996,CT3-093 — T6 — Settlement,ct3-093,F34,TITLE_THEME,THEMATIC_INDEX_NOT_ATOMIC_REQUIREMENT_PROOF
CT3-094,docs/Actifs/01_Cahiers_des_charges/SMART_AO_CAHIER_TECHNIQUE_EXECUTION_v3.1.md,4000,CT3-094 — T7 — Benchmark,ct3-094,F40,TITLE_THEME,THEMATIC_INDEX_NOT_ATOMIC_REQUIREMENT_PROOF
CT3-095,docs/Actifs/01_Cahiers_des_charges/SMART_AO_CAHIER_TECHNIQUE_EXECUTION_v3.1.md,4004,CT3-095 — T8 — Consolidation,ct3-095,F45,MANUAL_SCOPE_DISPOSITION,SCOPE_OR_GOVERNANCE_NOT_ATOMIC_REQUIREMENT_PROOF
CT3-096,docs/Actifs/01_Cahiers_des_charges/SMART_AO_CAHIER_TECHNIQUE_EXECUTION_v3.1.md,4012,CT3-096 — 32. DOCUMENTATION À METTRE À JOUR,ct3-096,F45,MANUAL_SCOPE_DISPOSITION,SCOPE_OR_GOVERNANCE_NOT_ATOMIC_REQUIREMENT_PROOF
CT3-097,docs/Actifs/01_Cahiers_des_charges/SMART_AO_CAHIER_TECHNIQUE_EXECUTION_v3.1.md,4017,CT3-097 — Autorité,ct3-097,F45,MANUAL_SCOPE_DISPOSITION,SCOPE_OR_GOVERNANCE_NOT_ATOMIC_REQUIREMENT_PROOF
CT3-098,docs/Actifs/01_Cahiers_des_charges/SMART_AO_CAHIER_TECHNIQUE_EXECUTION_v3.1.md,4021,CT3-098 — Produit,ct3-098,F45,MANUAL_SCOPE_DISPOSITION,SCOPE_OR_GOVERNANCE_NOT_ATOMIC_REQUIREMENT_PROOF
CT3-099,docs/Actifs/01_Cahiers_des_charges/SMART_AO_CAHIER_TECHNIQUE_EXECUTION_v3.1.md,4025,CT3-099 — Technique,ct3-099,F45,MANUAL_SCOPE_DISPOSITION,SCOPE_OR_GOVERNANCE_NOT_ATOMIC_REQUIREMENT_PROOF
CT3-100,docs/Actifs/01_Cahiers_des_charges/SMART_AO_CAHIER_TECHNIQUE_EXECUTION_v3.1.md,4029,CT3-100 — Plan,ct3-100,F45,TITLE_THEME,THEMATIC_INDEX_NOT_ATOMIC_REQUIREMENT_PROOF
CT3-101,docs/Actifs/01_Cahiers_des_charges/SMART_AO_CAHIER_TECHNIQUE_EXECUTION_v3.1.md,4042,CT3-101 — Traceability,ct3-101,F38,MANUAL_SCOPE_DISPOSITION,SCOPE_OR_GOVERNANCE_NOT_ATOMIC_REQUIREMENT_PROOF
CT3-102,docs/Actifs/01_Cahiers_des_charges/SMART_AO_CAHIER_TECHNIQUE_EXECUTION_v3.1.md,4057,CT3-102 — Architecture,ct3-102,F44,TITLE_THEME,THEMATIC_INDEX_NOT_ATOMIC_REQUIREMENT_PROOF
CT3-103,docs/Actifs/01_Cahiers_des_charges/SMART_AO_CAHIER_TECHNIQUE_EXECUTION_v3.1.md,4063,CT3-103 — 33. ACCEPTANCE T0,ct3-103,F40,MANUAL_SCOPE_DISPOSITION,SCOPE_OR_GOVERNANCE_NOT_ATOMIC_REQUIREMENT_PROOF
CT3-104,docs/Actifs/01_Cahiers_des_charges/SMART_AO_CAHIER_TECHNIQUE_EXECUTION_v3.1.md,4081,CT3-104 — 34. ACCEPTANCE VERTICAL A,ct3-104,F40,MANUAL_SCOPE_DISPOSITION,SCOPE_OR_GOVERNANCE_NOT_ATOMIC_REQUIREMENT_PROOF
CT3-105,docs/Actifs/01_Cahiers_des_charges/SMART_AO_CAHIER_TECHNIQUE_EXECUTION_v3.1.md,4099,CT3-105 — 35. ACCEPTANCE VERTICAL B,ct3-105,F31,TITLE_THEME,THEMATIC_INDEX_NOT_ATOMIC_REQUIREMENT_PROOF
CT3-106,docs/Actifs/01_Cahiers_des_charges/SMART_AO_CAHIER_TECHNIQUE_EXECUTION_v3.1.md,4113,CT3-106 — 36. ACCEPTANCE VERTICAL C,ct3-106,F17,TITLE_THEME,THEMATIC_INDEX_NOT_ATOMIC_REQUIREMENT_PROOF
CT3-107,docs/Actifs/01_Cahiers_des_charges/SMART_AO_CAHIER_TECHNIQUE_EXECUTION_v3.1.md,4129,CT3-107 — 37. NON-OBJECTIFS,ct3-107,F45,MANUAL_SCOPE_DISPOSITION,SCOPE_OR_GOVERNANCE_NOT_ATOMIC_REQUIREMENT_PROOF
CT3-108,docs/Actifs/01_Cahiers_des_charges/SMART_AO_CAHIER_TECHNIQUE_EXECUTION_v3.1.md,4144,CT3-108 — 38. RÈGLE FINALE DE CONCEPTION,ct3-108,F45,MANUAL_SCOPE_DISPOSITION,SCOPE_OR_GOVERNANCE_NOT_ATOMIC_REQUIREMENT_PROOF
